ID,Social,Fname,Middle,Lname,Number,Street,Apartment,City,State,Zip
B1,0,Marlowe,H,Gido,113,Markm Rd,1w4,Anchorage,AK,99523
B2,716464285,Dowers,U,Bowie,647,Mcmillin St,2k5,Newark,DE,19718
B3,457777081,Ruehl,S,Kulcinski,248,Peotter Street,8r6,Wenden,AZ,85357
B4,664674262,Leod,M,Nair,681,Geneviev Avenue,5i3,Deary,ID,83823
B5,600270347,Berline,W,Aktuna,584,Risley Street,2n6,Saltillo,MS,38866
B6,0,Ramina,N,Trevethan,196,Taziri,7f6,Crescent,MO,63018
B7,315838172,Acevedo,,Liebermann,468,Wehr Road,3w3,Elwood,IA,52226
B8,507670272,Soetjahja,V,Jehu,357,Siegle Ave,5s6,Pawtucket,RI,2861
B9,317760585,Wignall,Q,Ruffin,717,Denegri Ave,8d7,Crawfordsville,IN,47936
B10,432437247,Kahle,,Tele,831,Nengchunchng Pkwy,3p5,Crawfordville,GA,30631
B11,310544123,Ted,,Ikmar,61,Rodkewitz Rd,7z7,Kosrae,FM,96944
B12,0,Tetreault,Z,Horner,973,Neuneker Pkwy,8a1,Kyle,SD,57752
B13,0,Agnes,S,Lilli,730,Zeidler St,0u7,Maple City,KS,67102
B14,0,Hussey,,Keiffenheim,580,Anagnostos Street,4b2,Greenville,KY,42345
B15,0,Shilanski,J,Kachong,40,Bouteille Rd,3f3,Costigan,ME,4423
B16,375135277,Ritzenthaler,V,Wark,97,Soifer,6g0,Naruna,VA,24576
B17,0,Euge,R,Sofiyani,348,Kozyra Avenue,2o1,South Weymouth,MA,2190
B18,700224813,Delallee,E,Kalwarowskyj,887,Aima Road,2l3,Kingsville,OH,44048
B19,0,Woodyer,T,Capener,967,Tasaka St,6x7,Coteau,ND,58728
B20,0,Otremba,,Hinton,821,Norcini Ave,6w8,Hutchinson,PA,15640
B21,742565070,Zepeda,Y,Graber,991,Waldenmaier Ave,5z1,Las Vegas,NV,89199
B22,546808477,Kuder,K,Miklos,824,Savage Avenue,8c4,Whiteriver,AZ,85941
B23,773840301,Milutinovic,Z,Brosdal,364,Mabe Road,2a0,Normal,AL,35762
B24,0,Bay,Q,Duverneuil,985,Aydin Ave,1.00E+01,Washington,DC,20500
B25,576568122,Chaiseong,D,Cubillos,548,Waghemans Avenue,0u7,Elkton,MD,21921
B26,411048861,Nicolai,C,Yrigollen,391,Kaplinsky Avenue,3s6,Saint Petersburg,FL,33784
B27,0,Lightsey,S,Fransjan,,PO Box 2277,,Corvallis,OR,97333
B28,542523017,Goodfellow,H,Melendez,409,Auni Street,5m8,Allen,KY,41601
B29,270325148,Stclairholmes,V,Dentinger,292,Hsi Rd,5i0,Raywick,KY,40060
B30,748342047,Shaune,L,Etheline,343,Ohata Rd,6u8,Tryon,NE,69167
B31,775814362,Roxann,K,Shroll,615,Brechtje Street,1n6,Foxton,CO,80441
B32,628778661,Zarlingo,J,Balsbaugh,780,Puskeiler St,4j2,San Juan,PR,933
B33,0,Castenmiller,R,Norisah,384,Cidalia Ave,8p1,Wabash,IN,46992
B34,127300154,Ghania,K,Valera,780,Keskinoglu Lane,4j4,Torreon,NM,87061
B35,485714212,Sesek,,Winterrowd,751,Billibon Rd,4g8,Webster Crossing,NY,14584
B36,0,Roehl,M,Grzegorek,122,Pasquier Street,0v0,Tucson,AZ,85704
B37,670568655,Barbra,,Burgerhout,325,Ruddell Avenue,4u2,Mule Creek,NM,88051
B38,143406118,Kinwai,,Krautle,,PO Box 868,,Hill City,SD,57745
B39,705032748,Leseigneur,,Zandra,699,Shyh,6v4,Atkinson,NE,68713
B40,0,Mcchesney,U,Orciuolo,179,Sugihara Rd,7l6,Philadelphia,PA,19130
B41,0,Papilsky,T,Biggerstaff,956,Cropper Street,4y4,Wedgefield,SC,29168
B42,207010478,Gazo,,Esslinger,205,Libra,4.00E+01,Washington,DC,20570
B43,233118160,Gabbi,,Hogemann,559,Horianopoulos Parkway,7q3,Newark,NJ,7103
B44,145473257,Euclide,F,Yamaji,871,Joane Rd,0q4,Fort Smith,AR,72904
B45,0,Estalella,Y,Danyelle,612,Aba Ave,6w2,Flagstaff,AZ,86018
B46,418677635,Mcniff,M,Eddy,70,Gracyk,4f5,Christiansted,VI,821
B47,165531370,Maurise,,Burgdorf,622,Blackman Parkway,5p7,Kodiak,AK,99615
B48,0,Yoh,I,Amaral,231,Imperato Avenue,3v8,Avon,CT,6001
B49,0,Sholl,B,Trutschel,206,Schuettpelz St,8q8,Greenwood,IN,46143
B50,403103757,James,T,Zared,717,Giralda St,3w6,Manhattan,NV,89022
B51,772177348,Quesnel,F,Wolny,173,Ekanayake Rd,3x2,Emmett,ID,83617
B52,732241184,Windom,,Grohler,543,Knoot Street,1o7,Agana,GU,96927
B53,0,Estorga,O,Fansler,197,Doucet Street,0g4,Christiansted,VI,820
B54,335010023,Enstroem,L,Breilh,692,Weethong Avenue,7j0,Washington,DC,20002
B55,0,Bulnes,Z,Magnampo,245,Bellot St,3j7,Moshannon,PA,16859
B56,0,Gregarick,W,Shyan,239,Yeen Ave,3w3,Troy,ME,4987
B57,133268215,Prams,G,Toini,,PO Box 905,,Spalding,ID,83551
B58,786244461,Rosabelle,L,Francois,376,Makeda Avenue,1w8,Axis,AL,36505
B59,0,Ogomori,Y,Regnault,155,Cung,4p8,Cookstown,NJ,8511
B60,272281311,Pulliam,S,Kornelia,600,Yafa Parkway,2s3,Derry,NH,3038
B61,137602812,Dossola,,Atprs,916,Lavergne Avenue,7a3,Treadway,TN,37883
B62,255681740,Kriemhilvde,X,Moegelin,70,Davis Rd,6q1,Port Republic,VA,24471
B63,0,Klugman,V,Paulas,255,Cossar Parkway,5w3,Virginia,IL,62691
B64,218675210,Siglinde,,Wurm,484,bNolden Avenue,8m8,Scottsdale,AZ,85266
B65,124074575,Chikayo,,Kamaryah,227,Wixforth Street,2q5,Beaver,UT,84713
B66,168091616,Bedford,T,Anselm,837,Maric Ave,7q6,Kosrae,FM,96944
B67,720578843,Rouer,M,Tris,846,Zhang,3o7,Stanton,NE,68779
B68,417264220,Titus,V,Zekanovic,456,Kiko Street,2p3,Detroit,MI,48299
B69,0,Paskov,Y,Koray,,PO Box 2937,,Valmy,NV,89438
B70,687148056,Langjahr,,Cristen,559,Alex Road,5r0,Cushing,IA,51018
B71,683466247,Jolicoeur,,Dassonville,13,Cremon,5z4,Hindsville,AR,72738
B72,0,Friedr,,Celesta,206,Pyer Avenue,5t4,Charlotte Amalie,VI,803
B73,576108568,Langenskiold,N,Osmo,819,Darragh Street,5p6,Lexington,KY,40505
B74,481347278,Lennard,,Rojo,642,Menshik Pkwy,6h3,Fort Smith,AR,72913
B75,350116353,Kinion,S,Jonny,497,Kouris St,3s2,Wilmington,DE,19804
B76,636810112,Fatin,O,Feduniw,566,Stefa Street,0f8,Pulaski,GA,30451
B77,580030161,Cronje,E,Bonassina,45,Ingie,5m7,Washington,DC,20211
B78,0,Gaudriot,W,Urbain,831,Iantaffi St,2i1,Newark,DE,19714
B79,232731203,Meraney,M,Spelman,105,Plitzko,4l7,Reno,NV,89503
B80,0,Megan,I,Veselko,870,Demetria Road,8s0,Napoleon,OH,43545
B81,563451048,Bria,Y,Jingbai,588,Cicone Rd,5y3,Stewartville,MN,55976
B82,688726571,Lagrandeur,L,Schletter,32,Valeria St,7o0,Winigan,MO,63566
B83,0,Moisson,,Schnurr,612,Pearcy,4a8,Saint Joseph,KY,42373
B84,113360402,Shea,P,Sutter,985,Mustapha,2n4,Custer,KY,40115
B85,112681161,Haj,V,Lehl,229,Sarin,3s0,Sioux City,IA,51110
B86,640527743,Bueckle,Y,Joa,780,Carrie Rd,5q0,Kure Beach,NC,28449
B87,0,Orimo,T,Rajaletchimy,918,Nadeau Ave,7l5,Webbville,KY,41180
B88,118457700,Storch,K,Kind,596,Hocking Avenue,5j0,Mc Donald,KS,67745
B89,342346786,Hockley,Z,Abagael,647,Bruneau Ln,3w7,Birmingham,AL,35279
B90,0,Molitor,J,Subhash,,PO Box 4586,,La Habra,CA,90632
B91,510842146,Branda,,Pandolfo,131,Burggraf Street,6k8,Edmonton,KY,42129
B92,381183516,Minesso,,Straccialano,118,Marcantoine Road,1r8,Fort Smith,AR,72904
B93,665050575,Scholes,Q,Hiesinger,621,Kacprowicz Street,1g7,Phoenix,AZ,85019
B94,541072763,Kae,P,Yukwha,900,Ahlers Ave,6a5,Churchville,MD,21028
B95,765252552,Mowson,,Natascia,837,Ehrman Ave,2t7,La Crosse,KS,67548
B96,631065338,Weisner,L,Valaix,819,Mackinnon,2x4,APO New York,NY,9162
B97,501282487,Bertorelli,Q,Brannon,142,Vierstra Rd,0r5,Mount Carmel,UT,84755
B98,0,Id,V,Vithoune,580,Hehl,7n2,Sedalia,KY,42079
B99,485020171,Cull,P,Toste,594,Benedek Ln,4v0,Honolulu,HI,96847
B100,645302234,Flett,,Zerbib,752,Yiukong Rd,4j7,Memphis,TN,38126
B101,337856868,Huesgen,C,Busatta,609,Arment Avenue,3j8,Mesa,AZ,85212
B102,383041156,Mennetrier,C,Zucco,540,Domel Ave,2q5,Providence,RI,2909
B103,0,Devlin,Z,Fidler,843,Seguy Road,1l3,Finly,IN,46129
B104,437700488,Ambrosius,T,Gloriane,945,Schrum Street,3x1,Twin Brooks,SD,57269
B105,188542008,Lienert,,Hartinger,577,Krajack,7d0,Cleveland,MS,38732
B106,0,Kadi,U,Agnese,739,Lemonte Parkway,7q6,Washington,DC,20053
B107,334376751,Halder,Q,Lumas,101,Belcher St,6f5,Purcell,OK,73080
B108,243348272,Lafear,P,Rushing,363,Moberly Parkway,4a7,Grantsville,UT,84029
B109,642342650,Lahreche,I,Wolfer,864,Malcolm Rd,6s5,Honolulu,HI,96802
B110,181057024,Gallego,C,Wahlert,70,Fujiwara Pkwy,0q5,Northfield,MN,55057
B111,0,Neille,,Emmye,,PO Box 2865,,Pejepscot,ME,4067
B112,0,Domenico,T,Welfley,66,Aveque Street,7d4,Dearborn,MI,48128
B113,247374883,Eprom,Y,Lofstrom,761,Julissa Street,1f8,Walnut Cove,NC,27052
B114,576055751,Sanae,Q,Waldon,714,Meda Street,0v3,Providence,RI,2902
B115,530760811,Monday,G,Soro,,PO Box 2971,,Hallock,MN,56728
B116,0,Detienne,M,Lauver,793,Tajudin Avenue,5b2,Holly Springs,GA,30142
B117,715041343,Reifel,I,Yethidran,602,Linsmeier Rd,3s7,Gresham,NE,68367
B118,134343173,Kinch,,Obadia,552,Shigehiro Rd,6b3,Naranjito,PR,719
B119,0,Mullanix,D,Abiko,803,Spring Rd,3v7,East Hanover,NJ,7936
B120,0,Anzinger,Q,Jubran,989,Aubuchon Ln,4a3,New Haven,CT,6540
B121,0,Grozenski,,Paulovics,274,Puccinelli Ave,4a5,Charlotte Amalie,VI,803
B122,462812885,Bottineau,,Ozawa,794,Pittelli Road,6z5,Pittsburgh,PA,15215
B123,770284442,Jami,B,Audunson,129,Hsiung St,7g3,Alborn,MN,55702
B124,280878674,Kalled,,Michail,746,Erzsebet Parkway,1l5,Memphis,TN,38165
B125,0,Cherel,J,Caler,63,Vax Ave,3r4,Waldorf,MD,20604
B126,464152036,Steindorf,,Nair,884,Nowick Pkwy,1t6,Forman,ND,58032
B127,538873780,Elai,B,Conchita,199,Zummallen Ave,5b5,Rockville Centre,NY,11571
B128,0,Konstantino,A,Obey,772,Sarnecki Avenue,2w2,Chesapeake,OH,45619
B129,222524354,Beuter,X,Carnes,960,Metze Rd,0s2,Washington,DC,20268
B130,723304874,Leo,Q,Silke,715,Towne Avenue,0s2,Lemoyne,OH,43441
B131,326847385,Harli,,Shabde,33,Velvet Road,2g1,Slocum,RI,2877
B132,0,Chyh,,Eesley,577,Auguste,8z7,River Grove,IL,60171
B133,434020763,Chungjen,C,Cossman,242,Caren Road,8t7,APO San Francisco,CA,96231
B134,0,Gilchrest,I,Sedlewicz,252,Heinzman Road,1f5,Denver,CO,80203
B135,632110364,Oconner,,Elam,197,Doop Pkwy,7.00E+05,Forestgrove,MT,59441
B136,263634380,Yama,X,Paolini,873,Anpuvasuk Avenue,3z8,Milltown,NJ,8850
B137,0,Boardman,T,Mya,735,Sowers Lane,5u0,Livingston,MT,59047
B138,578744726,Wetmore,,Marianne,773,Leuzinger Pkwy,4i0,Newagen,ME,4552
B139,118415162,Coslas,V,Suhana,678,Shingcheong,6p1,Bristol,RI,2872
B140,516176525,Falasca,F,Caie,373,Laner Ln,7c2,Sioux Falls,SD,57106
B141,401848132,Crumb,,Mihm,658,Kawai Rd,7j3,Springfield,MA,1152
B142,383331257,Methiwalla,Q,Kimberli,723,Chroust Ave,5x8,Canton,MI,48187
B143,671602016,Karpins,I,Nauta,509,Landry,0o8,Atlantic,PA,16111
B144,786606862,Carl,I,Okumura,984,Graydon St,7x8,Ledgewood,NJ,7852
B145,605681858,Thorin,Y,Feitelson,968,Byland Lane,2s2,Phoenix,AZ,85009
B146,231701640,Toponce,H,Hsketh,27,Schieldt,1v6,Napoleonville,LA,70390
B147,0,Lizardo,W,Gruenkranz,850,Jemmie St,4k3,Auburn,GA,30203
B148,0,Juscesak,,Lanie,158,Ulysses Avenue,3c3,Lansing,MI,48911
B149,627638485,Tu,X,Tas,960,Ruppel St,2d0,Almyra,AR,72003
B150,778528875,Bannat,W,Marbaker,982,Zilla Lane,7w2,Tempe,AZ,85280
B151,0,Zakulec,Y,Maute,,PO Box 4787,,Cruz Bay,VI,831
B152,554401856,Sungki,,Wochatz,866,Flaxbard Ln,1g3,Wann,OK,74083
B153,314151130,Lingen,X,Romolo,739,Dugosh Avenue,8m7,Peyton,CO,80831
B154,671430682,Tye,B,Weger,470,Lipsitt Road,7g0,New York Mills,MN,56567
B155,773128710,Roye,B,Shramek,168,Freiseis Rd,3a3,Salt Lake City,UT,84108
B156,640123046,Bourgaize,K,Dordari,458,Nimesh,1v7,Sinclair,WY,82334
B157,353501153,Pavon,T,Devereaux,159,Chida Street,7p4,Phoenix,AZ,85067
B158,242101732,Cello,,Beckett,981,Guyarbour St,4m6,Minersville,UT,84752
B159,223580873,Ausiello,,Mitra,745,Meads Avenue,0t6,Cheswold,DE,19936
B160,338260562,Eppstein,I,Duisman,697,Strickler Street,6s2,Littleton,CO,80122
B161,158341802,Chatfield,Z,Tistaert,780,Verneri Ave,7l3,Ada,MN,56510
B162,627438105,Brislawn,,Morrone,110,Locatelli Street,7g5,Prague,NE,68050
B163,746182142,Camario,Q,Astrix,276,Vitanye Ln,5o4,Conyers,GA,30208
B164,546733362,Omayma,M,Suit,513,Dahlin Ave,0n7,Irondale,OH,43932
B165,731058616,Raphaela,M,Culotta,168,Khezri Rd,1a4,Concord,CA,94527
B166,130263533,Noorshida,L,Brenner,22,Nahrendorf St,7v0,Kosrae,FM,96944
B167,0,Loriot,,Goldsmith,785,Drechsel,7p4,Epsom,NH,3234
B168,175862251,Kyzer,S,Celmar,152,Marbella Rd,8f7,Bridgeland,UT,84012
B169,511358124,Schute,L,Bonza,557,Kapeckas Avenue,1g2,Arcadia,KS,66711
B170,0,Stjacques,L,Nilachee,561,Zarella Ave,8z4,Sarles,ND,58372
B171,327668340,Anite,,Mackzum,,PO Box 1298,,Guayanilla,PR,656
B172,300055016,Jezerski,Y,Pusun,624,Minas Pkwy,6t3,Lake Cormorant,MS,38641
B173,532700236,Yorke,J,Crangle,163,Schinkowsky Road,5k3,Wellington,UT,84542
B174,562080470,Ferdinand,W,Sillion,381,Knasel Pkwy,5g6,Boston,MA,2117
B175,425030317,Ariff,V,Nuzzi,578,Diumberto Street,1r6,Marrero,LA,70072
B176,0,Staeffen,W,Depalma,405,Op Ln,2b4,Joliet,IL,60434
B177,236875068,Perich,S,Nallengara,721,Stivers Pkwy,2.00E+07,Montgomery,AL,36142
B178,0,Kekana,O,Muhcherng,577,Anitra Pkwy,2h7,Lisbon,MD,21765
B179,738212687,Larocca,Y,Narciso,,PO Box 293,,Arlington,TX,76011
B180,0,Shindug,E,Shayping,451,Digilio St,0x0,Wilmington,DE,19892
B181,176401700,Meriam,R,Aguzzoli,472,Opalina Pkwy,1.00E+02,Omaha,NE,68138
B182,337835165,Rautenberg,A,Venkata,361,Gwendolyne Road,3h8,Brookston,TX,75421
B183,0,Jorie,V,Michey,910,Sabiah Ave,1u5,Providence,RI,2908
B184,0,Jais,K,Kyestin,675,Hwayong Street,4w0,Casper,WY,82602
B185,0,Dolfi,D,Toni,916,Coussens St,0x0,Otis,CO,80743
B186,546541373,Wagaman,,Thull,427,Nitzsche Street,3l2,Mercury,NV,89023
B187,647516737,Govoni,Q,Saccopoulou,27,Blakkolb Street,1w3,Topeka,KS,66628
B188,661153638,Tuxford,Y,Lieggi,346,Weed St,7t6,Darby,MT,59829
B189,587623780,Constanta,V,Pariselle,310,Toril St,2d6,Manchester,TN,37355
B190,0,Tahir,M,Owens,46,Whittet,2w6,Washington,DC,20500
B191,0,Rank,P,Bazley,623,Requin,2z7,Ruston,LA,71270
B192,332485358,Ynez,X,Jonker,839,Krawchuk Street,6u5,Tampa,FL,33655
B193,428752674,Dettling,F,Predon,232,Gary,5y7,New Hartford,CT,6057
B194,743417638,Loranger,D,Dulot,,PO Box 3645,,Las Cruces,NM,88003
B195,718015103,Lone,Z,Adrene,970,Deriat Parkway,5f5,Elkhorn,NE,68022
B196,712862001,Toneatto,O,Piehoff,150,Raunecker Lane,5v4,Columbus,NJ,8022
B197,337702424,Khairati,,Bannister,430,Maximino Street,7w4,Lima,OH,45804
B198,184568652,Garoutte,U,Tomio,621,Duffield,3i8,Williams,CA,95987
B199,0,Rosmunda,,Pisano,75,Jakubec Rd,6g8,Madison,ME,4950
B200,737821231,Carvalho,,Lechler,925,Dubuis,6v7,Daytona Beach,FL,32022
B201,0,Urbain,J,Aland,632,Wetsel Rd,6b3,Belle Mina,AL,35615
B202,0,Carolan,G,Duco,586,Kappe,3s4,Kearsarge,MI,49942
B203,0,Purposes,D,Defati,811,Kezeli Avenue,4a8,Bluefield,VA,24605
B204,200740650,Giardina,G,Helleboid,280,Macgregor St,2j1,Bayport,MN,55003
B205,117558116,Glancey,P,Duplan,78,Thorley,8h2,Washington,DC,20004
B206,0,Easley,A,Schildknecht,469,Dinur,0.00E+00,Bruce,MS,38915
B207,585673367,Babasaki,D,Tuckwell,970,Salame,4d7,La Grange,GA,30261
B208,655320825,Deeter,Z,Matrundola,413,Snoeck St,1v0,Honolulu,HI,96802
B209,362884213,Bubeck,I,Gavriel,794,Seneschi Rd,8u2,Geff,IL,62842
B210,0,Kinstry,Y,Siebrecht,773,Milkowski Ave,6k0,Saint Maries,ID,83861
B211,623875545,Kwa,U,Chaloupka,940,Ridenhour Rd,2k1,Carson City,NV,89706
B212,550505715,Yonemitsu,T,Diane,,PO Box 612,,Plainville,CT,6062
B213,280766426,Koeckeis,P,Robenia,887,Votipka Parkway,6f3,Amboy,CA,92304
B214,131131422,Kloppel,,Gerhardt,623,Schlemmer Lane,3i2,Kosrae,FM,96944
B215,0,Godo,U,Blogg,404,Rafol St,2i0,Port Jefferson Station,NY,11776
B216,0,Gorhum,L,Candelario,745,Busenburg Avenue,0a8,Capron,VA,23829
B217,536668540,Janseen,,Guglielma,196,Strippoli Street,7r2,Bath,ME,4530
B218,123728588,Herculano,A,Broomfield,700,Silhanek Street,8s8,Flying H,NM,88322
B219,616015883,Oconnell,,Balandis,627,Koert Street,8n1,Fort Richardson,AK,99505
B220,275044106,Gaechter,W,Syun,476,Musnah Lane,3t1,Houston,TX,77009
B221,670570746,Beran,W,Saager,234,Mucklow,3h2,San Juan,PR,910
B222,561345758,Hemp,,Evilsizer,853,Celka,7z0,Whitewater,MO,63785
B223,622362242,Mamikunian,J,Auberon,227,Alcantara Ln,8v5,Madison,MS,39130
B224,0,Feely,U,Laureano,602,Hjelm Street,5o0,Hilger,MT,59451
B225,161507604,Melot,B,Mcdavid,,PO Box 643,,San Ysidro,NM,87053
B226,678354424,Loydie,O,Trautmann,633,Thian Road,8u5,Glendale,AZ,85303
B227,0,Grosjean,C,Mantelli,,PO Box 1565,,Gulfport,MS,39505
B228,0,Fssup,I,Boatwright,235,Starkweather,4j3,Detroit,MI,48207
B229,735473528,Becherer,R,Hylinski,621,Yihchih Rd,0i3,Simpsonville,MD,21150
B230,157044844,Volhontseff,,Focus,720,Florine Street,4n8,Arivaca,AZ,85601
B231,332017810,Cornelius,A,Beatrisa,878,Mayme Ave,7j2,Guayanilla,PR,656
B232,483546542,Shugart,,Schute,898,Chaya Road,8l1,Mc Leod,MT,59052
B233,608150444,Neuv,R,Wulf,947,Tiedeman St,3j1,Vinson,OK,73571
B234,674683711,Nia,U,Harshman,83,Neal Ave,5m2,Lead Hill,AR,72644
B235,0,Yasukazu,G,Saeki,917,Auffret St,7x7,Agana,GU,96910
B236,0,Gos,P,Bouret,366,Wretman Street,3n2,East Bridgewater,MA,2333
B237,0,Biche,Q,Rakhal,436,Joline Street,1.00E+01,Shel,WY,86441
B238,0,Sumarni,X,Hlady,943,Satriale Road,8c4,Holts Summit,MO,65043
B239,426341544,Santacruz,X,Dyment,516,Barbabra Ave,4c8,Oakdale,TN,37829
B240,0,Konersman,Z,Varco,297,Balasingham Street,6c0,Hankins,NY,12741
B241,773722232,Sanhei,X,Folwell,4,Kulka St,0k6,Donalds,SC,29638
B242,536168853,Schumer,C,Geiszler,255,Kagarlitsky St,3b4,Christiansted,VI,822
B243,137510277,Tonn,B,Poploski,164,Salonin St,5.00E+03,Mount Etna,IA,50855
B244,721743503,Hofrichter,I,Zani,746,Umeshima Ave,6z2,Bear,DE,19701
B245,681330153,Hudecek,G,Borealo,963,Sydel Pkwy,8y2,Marion,MT,59925
B246,540651171,Carlean,M,Sobon,301,Blohm,3j7,York,NE,68467
B247,632377615,Dilling,N,Estep,153,Fanthome Avenue,0h8,Washington,DC,20317
B248,440106420,Hupfeld,H,Verville,967,Spruyt Lane,1a2,Riviera,AZ,86427
B249,387460476,Bohnsack,H,Arco,382,Erroll Ave,6p3,Charleston,SC,29401
B250,624162132,Cambron,T,Tedsen,44,Marijke Rd,1l0,Marietta,OK,73448
B251,0,Loro,L,Fostier,296,Rosati Avenue,3c6,Wilder,ID,83676
B252,205012667,Thao,U,Holthouser,44,Grasman,5n2,Harrell,AR,71745
B253,327581328,Vanderwel,K,Sweeney,565,Belvia St,7l4,Pensacola,FL,32576
B254,0,Goalder,G,Shoaf,119,Selkirk Avenue,1l5,Geneva,ID,83238
B255,241207584,Vanschyndel,W,Faulk,143,Goulding Road,0t6,Lihue,HI,96766
B256,0,Mostovac,O,Johnette,,PO Box 345,,Torrington,CT,6791
B257,284676045,Carena,,Gizela,376,Nyeita Ave,6u7,Frenchtown,MT,59846
B258,742403377,Sabron,O,Burton,417,Eliz Ln,2i5,Las Vegas,NV,89109
B259,0,Sullens,F,Whitten,167,Suleiman,2j1,Onia,AR,72663
B260,151215343,Klavans,P,Carrel,,PO Box 2389,,San German,PR,753
B261,388687504,Urlaub,,Iolande,286,Hanhb Road,0o3,Hackensack,NJ,7602
B262,0,Mandana,K,Cebocli,497,Ovington St,3h8,Anchorage,AK,99503
B263,520303884,Vibeke,,Bendon,755,Enclumes Pkwy,0.00E+00,Chatawa,MS,39632
B264,0,Pendleton,Q,Paolina,624,Muhcherng Ave,2n8,Norfolk,VA,23512
B265,372201212,Piazza,B,Knoke,635,Chinhin Avenue,3s4,Narragansett,RI,2882
B266,303011168,Scheuzger,F,Lasse,828,Khu Street,8s4,Honolulu,HI,96839
B267,333086384,Orse,Z,Elhamy,794,Moehring Lane,2.00E+01,Atlanta,GA,30330
B268,0,Debbie,D,Pacific,919,Mccorkell St,4w7,Port Elizabeth,NJ,8348
B269,245647250,Janela,B,Burbage,759,Beaucaire Ave,5c5,Orem,UT,84059
B270,652174547,Shioya,J,Benkaddouss,506,Kreidman,4p0,Nottingham,PA,19362
B271,0,Zsazsa,K,Gabi,560,Brandvold Road,0h6,Cruz Bay,VI,830
B272,0,Kalny,J,Shott,589,Kathrine Pkwy,1s7,East Glastonbury,CT,6025
B273,336408530,Nappie,M,Viv,635,Brunnings,1h4,Montpelier,ID,83254
B274,753101248,Burger,,Nath,16,Laycock St,6h2,Rockville,MD,20852
B275,372726610,Thedric,V,Wenchih,997,Schrier Pkwy,6i1,Lewes,DE,19958
B276,0,Stott,,Jiang,,PO Box 573,,Tremonton,UT,84337
B277,612733530,Luker,,Skurzynski,912,Zink Rd,1l5,Odenton,MD,21113
B278,0,Haruka,,Sarina,36,Freckhaus Parkway,6j2,Barrington,RI,2806
B279,430053086,Hirschmugl,H,Goda,135,Winkler Road,3z3,Ovid,ID,83260
B280,420342310,Fugee,J,Uchimura,717,Thoris,2f0,San Juan,PR,902
B281,735811704,Harpel,Y,Muise,83,Camillucci Avenue,8z5,Waimanalo,HI,96795
B282,0,Eanes,,Lebrat,528,Deakers Parkway,4d5,West Springfield,NH,3284
B283,711251080,Ramaglia,F,Hertweck,752,Neuman Street,0o8,Indianapolis,IN,46223
B284,0,Dittus,,Hakeem,570,Evariste,4z5,Keedysville,MD,21756
B285,368181820,Labrecque,H,Endliss,542,Maritsa St,4u2,Dimock,PA,18816
B286,368427318,Pipkin,D,Chaganlal,602,Tjahjadi Street,5.00E+06,Tupelo,MS,38801
B287,0,Patches,C,Omerso,217,Baillie Ln,2v3,Ogden,UT,84201
B288,153432812,Mataimoana,T,Horatius,852,Rikley Street,1g0,De Kalb,MO,64440
B289,110544267,Steffy,J,Napack,897,Angevine Road,8c2,Jamestown,NM,87347
B290,416384502,Goodspeed,K,Benson,364,Herryjanto Pkwy,3b0,Plymouth,CT,6782
B291,674223161,Aoki,H,Roziah,944,Montague Street,3y6,Southington,CT,6489
B292,0,Caram,M,Carme,,PO Box 676,,Clinton,ME,4927
B293,724210743,Wemple,K,Chaaban,197,Ophelia Ave,8d7,Oklahoma City,OK,73184
B294,158532764,Darbee,O,Mitty,286,Kschowak Road,5s0,Aiea,HI,96861
B295,557055601,Gosch,R,Brannon,85,Santillanes Pkwy,2u5,Wallace,MI,49893
B296,0,Taher,P,Zaninoni,,PO Box 317,,Mc Dermitt,NV,89421
B297,327086774,Chadd,N,Heenan,,PO Box 4770,,Frederica,DE,19946
B298,707500141,Ludd,H,Bulz,233,Bottoli Street,7v8,Sims,NC,27880
B299,138446288,Bearss,,Ozil,22,Ukko Ave,0x0,Hannibal,NY,13074
B300,0,Junger,,Stander,883,Ingunna,8k1,Mellwood,AR,72367
B301,0,Nagayama,K,Rakoczy,583,Nazi Street,0n5,Fairfax,VA,22032
B302,474787142,Nyblom,F,Cornish,87,Bustamento Avenue,5g3,Reedsville,PA,17084
B303,726848853,Hochbaum,,Mctigue,877,Shing Road,1h2,Coffey,MO,64636
B304,0,Tanimalai,Q,Shumate,265,Towne Road,5p5,Egypt,AR,72427
B305,341242101,Desgain,,Shumei,376,Solindar Street,5m0,Oceanport,NJ,7757
B306,533830240,Zebedee,B,Khairati,378,Sudduth Street,0j3,Detroit,MI,48272
B307,703846831,Tomita,C,Woolridge,974,Engelsman Ave,5g6,Reno,NV,89595
B308,147126467,Peptis,L,Dalecio,251,Oterino Street,7m4,Retsof,NY,14539
B309,174775215,Sreedhar,,Nicolopulos,,PO Box 1161,,Sedalia,NC,27342
B310,304153360,Leonides,V,Esaias,782,Goofy Ave,8g5,Farmville,VA,23901
B311,0,Duffany,I,Mcclinton,839,Sohale Rd,4f1,Melville,LA,71353
B312,614208000,Seibold,B,Iivari,950,Braendli St,7y1,APO San Francisco,CA,96528
B313,404773275,Bendio,X,Barthelemy,669,Schio Ave,4d1,Lisbon Falls,ME,4252
B314,702308517,Wever,H,Carol,256,Daye Ave,6n4,Oklahoma City,OK,73163
B315,0,Hayakawa,,Bostick,972,Nobuo Avenue,6n6,Knox,ND,58343
B316,740170225,Mccumber,I,Aybar,284,Dinny Avenue,5s6,Carrizozo,NM,88301
B317,778742548,Eiguren,K,Greenwood,456,Yafa Road,5p7,Nixon,NV,89424
B318,0,Philipsenburg,F,Scholman,530,Pillman Ave,7k3,Flaxton,ND,58737
B319,105721786,Hurst,,Delu,950,Wetsel Pkwy,2k1,Beebe,AR,72012
B320,0,Susielah,J,Schlueter,888,Umark Ave,3h7,Avinger,TX,75630
B321,104805803,Lauw,Q,Closse,163,Hoebart Street,5y3,San Diego,CA,92119
B322,634024032,Hils,S,Laden,627,Melicent Rd,7a7,Providence,RI,2911
B323,0,Rugg,F,Lorenzato,931,Jeronimo Ave,7g0,Newton,NH,3858
B324,520023563,Steipp,R,Carito,704,Farly St,5n1,Canterbury,NH,3224
B325,741386631,Strackholder,B,Muehle,996,Porat,7p1,Washington,DC,20504
B326,0,Arlan,,Mannix,972,Ferfas Ave,6p2,Agana,GU,96926
B327,0,Leva,S,Bryant,51,Metze Avenue,4p1,Washington,DC,20594
B328,546657186,Suhairi,,Carpenter,633,Twist Road,0g2,Newark,NJ,7195
B329,0,Goay,,Pavlina,,PO Box 4659,,Midvale,UT,84047
B330,0,Puorro,G,Yukinobu,977,Stanczyk Ave,4x7,Put-In- Bay,OH,43456
B331,515647186,Vexler,P,Ketao,919,Ozan Road,7f1,Reno,NV,89512
B332,511030147,Favreau,P,Latchford,,PO Box 1648,,Seven Springs,NC,28578
B333,440046235,Seay,P,Dominiak,932,Guente Street,8s5,Brian Head,UT,84719
B334,0,Virus,,Obadiah,488,Helzer Street,0v2,Rogers,NM,88132
B335,760163542,Condit,E,Plas,113,Pawlish Street,8n2,Frederiksted,VI,841
B336,285521603,Dyson,,Lown,866,Ojennes Ln,5u1,Montello,NV,89830
B337,603157484,Thiele,X,Spagnol,615,Neander Parkway,6m8,Hampton,CT,6247
B338,328061411,Evans,,Henschel,243,Nebel Road,8o2,Las Vegas,NV,89153
B339,618251784,Siuling,G,Lonnard,745,Farizat Avenue,8h2,Santa Fe,NM,87503
B340,0,Wanne,H,Drasny,498,Gudmundson Street,5q8,Roper,NC,27970
B341,706163523,Bowe,W,Kenedi,586,Lazaro Avenue,2g6,Richton Park,IL,60471
B342,676814140,Mccannon,,Vasudeva,218,Wonnacott St,2g0,Menahga,MN,56464
B343,686383625,Grason,S,Paye,514,Drud Street,7p5,Hanover,MN,55341
B344,521444271,Vanorden,Q,Kummerehl,937,Giff Street,4d4,Lockhart,SC,29364
B345,0,Baquero,F,Gianchandani,669,Tamamura Ln,3g0,King of Prussia,PA,19406
B346,677487333,Chiyin,M,Schelp,489,Nivinski Road,7o4,Hartly,DE,19953
B347,670342082,Odegaard,F,Lahaie,26,Lauck Rd,2p4,Miami,FL,33119
B348,260173284,Mantelli,Y,Rosenkranz,471,Edna Ave,4k4,Sabinsville,PA,16943
B349,752703580,Knwttle,B,Hovsepian,985,Dykes St,6a3,Raleigh,NC,27623
B350,524423064,Gause,P,Falnes,739,Hady St,1s3,Providence,RI,2900
B351,583050883,Manzi,,Schlater,532,Ambu Street,1r6,Baker,NV,89311
B352,0,Ottens,S,Jagdishb,819,Scarface Street,6k8,Wheat Ridge,CO,80033
B353,0,Hachey,,Anthenien,123,Atkinson Ave,2u0,Washington,DC,20315
B354,580760403,Deacon,J,Dasie,47,Kaps St,7c1,Nondalton,AK,99640
B355,663521058,Amandie,R,Culmer,,PO Box 2919,,Washington,DC,20020
B356,137081264,Alfy,S,Solange,11,Cre St,7p4,Suffield,CT,6078
B357,0,Ruzzon,R,Bone,905,Baudry Street,0z0,Berlin,MD,21811
B358,324131462,Luth,Z,Saundercook,786,Bourgault Road,1x0,Tabernash,CO,80478
B359,300522224,Hoby,B,Gierka,628,Negretta Street,2p7,Hutchinson,PA,15640
B360,483336171,Benta,,Sinchau,302,Buczek Pkwy,1p4,Lincoln,NH,3251
B361,0,Heping,G,Ike,503,Sity,7x3,Rose City,MI,48654
B362,667315865,Hennes,S,Krautschneider,,PO Box 633,,Marysville,MI,48040
B363,665211120,Gouhara,W,Moral,470,Lauria Avenue,1p6,Grayson,GA,30221
B364,132211547,Oxendine,S,Lottie,886,Dermenjian Lane,4n7,Modesto,CA,95350
B365,332137346,Dijkstra,Q,Baca,782,Kokkhiang Ave,3h4,Lathrop,MO,64465
B366,0,Garrettson,L,Nicolle,846,Daren Street,5f0,Jackson,MS,39213
B367,368781711,Schenck,T,Tierney,443,Ledou Lane,2i1,Hot Springs National Park,AR,71901
B368,605554156,Backman,X,Npi,95,Richman Ave,0s3,Holy Cross,AK,99602
B369,0,Hook,C,Benay,858,Chronowski St,5f7,Surprise,NE,68667
B370,346827754,Sasai,W,Madonna,651,Lerman Ln,4d1,Hermanville,MS,39086
B371,414111860,Mulligan,Z,Ravagnan,243,Truman Ave,4w3,Rosholt,SD,57260
B372,132826140,Gwenny,C,Margr,90,Emhart Ln,7q7,Vendor,AR,72683
B373,762642146,Suhas,M,Vasquez,390,Jaimie St,4n8,Cortez,CO,81321
B374,0,Jekel,Y,Siefer,277,Vy Avenue,8q5,Honolulu,HI,96801
B375,0,Jordon,H,Rebatet,344,Tabina Pkwy,4s4,Fernwood,MS,39635
B376,574168058,Evan,G,Stefania,378,Mounier Road,7q7,Charlottesville,VA,22909
B377,0,Verollet,B,Escobido,181,Huuliem Rd,5l7,Tuscarora,NV,89834
B378,0,Lacroute,R,Haithcoat,651,Gilberte Street,7y3,Elkfork,KY,41421
B379,0,Fadel,G,Tasana,136,Beulah Rd,8k6,ind,WA,99341
B380,661451834,Motoi,C,Pniewski,431,Ohayon Street,3j7,Turton,SD,57477
B381,737552861,Sanginez,G,Erlandson,666,Sernka Ave,0z6,Agana,GU,96923
B382,148427104,Clatchey,,Cavaliere,407,Delal Street,4n7,El Cerrito,CA,94530
B383,0,Byard,V,Paramithiotti,422,Gorter Ave,2h6,Maunabo,PR,707
B384,272600581,Delmoral,O,Poss,543,Mozer Avenue,6b7,Bloxom,VA,23308
B385,474432708,Blodow,F,Brit,,PO Box 1524,,Gretna,LA,70053
B386,0,Ryde,R,Bohnsack,6,Darcy Ave,0w3,Orange,NJ,7050
B387,0,Iraida,M,Hisham,336,Hovsepian Ln,6t7,Shields,ND,58569
B388,435741604,Simcox,O,Allen,368,Goodpasture Parkway,2y4,Paola,KS,66071
B389,165145526,Maggiore,F,Schweigl,384,Rodolph Pkwy,3t4,Marshfield,MA,2065
B390,208284547,Rohner,O,Sponberg,,PO Box 180,,Trenton,NJ,8606
B391,0,Zainal,D,Gratesac,722,Swansen Ave,4t8,Laquey,MO,65534
B392,222560138,Hspice,L,Youel,684,Jaquenod Road,0.00E+00,Fostoria,IA,51340
B393,0,Kielstrup,Q,Schinaman,891,Bitondo Pkwy,0h5,Wolford,ND,58385
B394,370561576,Mahesh,S,Buffy,312,Redish Road,0u4,Graham,FL,32042
B395,386637433,Bommel,U,Caraballo,394,Florrie Ave,8j2,Perry,AR,72125
B396,757551148,Latrina,T,Varpu,66,Mostovac Ave,0z5,Woolwich,ME,4579
B397,0,Marylynn,P,Osborn,370,Blaho Rd,8r1,Cokato,MN,55321
B398,517301512,Arnst,,Letson,649,Dach Rd,2p1,Firestone,CO,80520
B399,208407240,Inniss,G,Vancollie,735,Paganini Rd,1o5,Thorndike,ME,4986
B400,335727502,Nagayama,P,Magnampo,890,Shakor Rd,0.00E+00,Santa Rosa Beach,FL,32459
B401,476111728,Natka,J,Maryjane,308,Qureshi,1v8,Brookings,OR,97415
B402,363880421,Eilis,C,Norman,556,Kausel Road,7k7,Westphalia,KS,66093
B403,0,Gonnet,O,Amelina,901,Dominguez,6p7,Terryville,CT,6786
B404,778851176,Haygood,X,Fortenberry,258,Lukes Road,8q3,Karluk,AK,99608
B405,124310844,Kabir,B,Fersini,,PO Box 4022,,Garibaldi,OR,97118
B406,608662741,Mcmullan,F,Huzur,915,Pollak St,1u6,Agana,GU,96911
B407,434655444,Halstead,V,Abreu,768,Hess Road,3r1,Kosrae,FM,96944
B408,235652600,Mummey,P,Knieps,601,Jessalin Ave,6n1,Peru,KS,67360
B409,328608413,Kessell,K,Vannatta,,PO Box 4360,,Charleston,SC,29409
B410,614505483,Glinski,,Razmi,18,Quincey St,1x3,East Saint Louis,IL,62204
B411,0,Minet,T,Armitano,199,Baier Rd,8r3,Walled Lake,MI,48088
B412,611016368,Denslow,D,Cayla,482,Poullain St,2n3,Toa Alta,PR,758
B413,217204848,Hovsepian,O,Gherardo,16,Noorliza Road,0d8,Van Buren,IN,46991
B414,0,Scrima,J,Domas,773,Isabella Avenue,8l1,Bayard,NE,69334
B415,102405237,Dickstein,U,Richards,406,Cervene Street,1g8,Washington,DC,20370
B416,667066178,Budi,Z,Oi,71,Knutz Ave,2l6,Alberton,MT,59820
B417,0,Hanns,H,Boushmaha,719,Maryniak Road,0t2,Richmond,VA,23215
B418,0,Howard,T,Norbani,981,Deurzen,4z3,Gordon,GA,31031
B419,0,Umphrey,R,Kropp,95,Lindi Pkwy,2n0,Midland,GA,31820
B420,533725323,Datta,V,Moshy,548,Detra,8t2,Kosrae,FM,96944
B421,0,Manolo,T,Fothergill,511,Nour Rd,1p4,Kosrae,FM,96944
B422,636232323,Gaarder,,Schesvold,958,Osavo,2n2,North Las Vegas,NV,89030
B423,138064256,Muire,V,Sasso,350,Hongyuh Street,2b7,Mars Hill,ME,4758
B424,710050518,Getty,D,Alethea,40,Battle Ave,3c1,Broken Arrow,OK,74013
B425,204865276,Simili,,Thng,465,Kri Road,0d2,Moorhead,IA,51558
B426,120546883,Chienhuei,X,Portisch,802,Freek Street,6d1,Sugar Grove,IL,60554
B427,0,Defeyter,K,Bruch,990,Shipler Pkwy,5d7,Waves,NC,27982
B428,155773377,Utsumi,,Bailleul,,PO Box 3476,,Creston,LA,71020
B429,100733247,Irena,E,Jaewhang,284,Couey Pkwy,6f4,Eatle,ID,84616
B430,217144374,Peloquin,,Havelock,854,Schnorr St,7m3,Birch Harbor,ME,4613
B431,220486680,Carmelita,I,Mueck,54,Lattanzi St,3v2,Reno,NV,89523
B432,0,Bettega,I,Currin,865,Stillmann,8p5,West Monroe,LA,71291
B433,267636165,Ponthieu,Z,Habauzit,981,Karlson,1h8,Howe,ID,83244
B434,0,Kwicinski,U,Philomena,116,Akao Ave,7x5,Windsor,VA,23487
B435,221288774,Geddes,Q,Chapelain,966,Helaina Lane,7d2,East Kingston,NH,3827
B436,602104803,Norcal,I,Holrit,407,Vito Ave,3w6,Washington,DC,20007
B437,453053713,Gushwa,,Frizzi,933,Laudani Avenue,3q5,Rudy,AR,72952
B438,338540614,Semanaz,J,Painterson,42,Maximino Pkwy,6l2,Springhill,LA,71075
B439,436374702,Ready,,Darcel,153,Norbani Ln,2h5,Hanover,MI,49241
B440,264820130,Pleynet,,Johnnie,316,Nickells,5u5,Mountain View,HI,96771
B441,420242558,Lepley,D,Szikla,,PO Box 3352,,Sylacauga,AL,35150
B442,0,Homan,T,Agne,858,Gian Pkwy,7r8,Merigold,MS,38759
B443,734035686,Scippa,J,Selders,209,Matson St,3m6,Wakefield,RI,2880
B444,664542387,Bayley,R,Horak,463,Hooton St,4t5,Winner,SD,57580
B445,552702270,Krishen,M,Rayshell,490,Augenstein Road,0n6,Monticello,SC,29106
B446,566822022,Peele,,Haehni,505,Gammon Lane,5x4,Allegre,KY,42203
B447,744127370,Ropp,S,Kegerreis,353,Takaku Road,0z7,Jamesville,NC,27846
B448,441674736,Marilyn,U,Harol,88,Dubus Avenue,8u1,Worcester,MA,1608
B449,132400840,Niepelt,,Cheeyin,864,Gow St,4i3,Church Creek,MD,21622
B450,481853053,Sabah,F,Ebina,183,Lewinski Avenue,0w1,Ross,ND,58776
B451,0,Nakano,X,Poire,964,Geahan Lane,4.00E+04,Washington,DC,20009
B452,206340744,Bastida,V,Cyd,769,Reitlingshoefer St,3.00E+06,Tampa,FL,33673
B453,736648601,Tanquary,C,Glidewell,148,Sicard Rd,7u7,Shawnee,CO,80475
B454,286527438,Coughenour,J,Kenne,314,Podlesna Street,1v6,Snelling,CA,95369
B455,0,Wellmaker,C,Niels,585,Grasham Avenue,8n0,Stovall,GA,30283
B456,588663263,Hanlin,,Franchot,346,Brunelli Ln,6t6,Chancellor,SD,57015
B457,0,Earlene,J,Kalnitsky,,PO Box 3861,,Frackville,PA,17931
B458,0,Ruffo,K,Iruela,900,Anssi St,8s1,Monticello,IN,47960
B459,0,Gratia,G,Magtibay,208,Emmerling Avenue,8q6,Waterloo,IA,50704
B460,478638113,Chunling,,Saager,86,Alpo Road,3x5,Sheridan,ME,4775
B461,0,Yanaton,I,Horn,897,Gittins Street,1.00E+01,Peterborough,NH,3460
B462,417218116,Cavallero,,Liebaert,296,Whitehill Road,0i8,Nashville,TN,37232
B463,302486042,Ewy,A,Frantzen,333,Ehrlich Pkwy,2q0,Girdwood,AK,99587
B464,0,Deana,J,Ornee,417,Heath Street,0w8,Harriman,TN,37748
B465,756508233,Glassman,L,Moosmueller,,PO Box 2971,,Pippa Passes,KY,41844
B466,686824733,Selie,G,Lombardi,667,Gaftea Road,5y7,Raynesford,MT,59469
B467,108810242,Sonoda,,Creosote,987,Moegelin Ave,0r2,Tylerton,MD,21866
B468,0,Buchhass,A,Gallinger,,PO Box 4255,,Talladega,AL,35160
B469,273213847,Rembao,Z,Lamza,814,Mazdmun,3z7,Berlin,NH,3570
B470,618131227,Eriks,N,Deicher,916,Diaconu St,2g8,Waldron,MO,64092
B471,0,Falaki,,Magee,96,Kleinke St,2a0,Boise,ID,83732
B472,110547836,Yuen,N,Schiegl,778,Paulmino Street,1x1,Boston,MA,2298
B473,550182236,Lisherness,,Thomasine,544,Stelten Avenue,5o2,Bayamon,PR,621
B474,303544825,Kirwan,,Gattuso,578,Batoul St,1m1,Frankfort,KY,40618
B475,0,Pavlich,q,Cancela,439,Salla,6o8,Saint Patrick,MO,63466
B476,177236563,Gaul,A,Noriyuki,667,Schollenberger,0o1,Wakefield,RI,2879
B477,584684126,Rendel,S,Geddes,806,Santin Ave,7m2,Provo,UT,84605
B478,222775622,Pritam,,Zafar,295,Haug Street,1r7,Paradise Valley,NV,89426
B479,416137751,Rozina,A,Jyh,990,Salfeld Avenue,3y1,Alco,AR,72610
B480,0,Duser,A,Shreeve,738,Yep Pkwy,3q1,Sioux Rapids,IA,50585
B481,431383253,Hyam,,Joli,,PO Box 1330,,Brandywine,MD,20613
B482,720644462,Estela,,Verbit,,PO Box 2840,,Lafayette,LA,70509
B483,0,Daley,U,Schwaninger,303,Hedlund Lane,7j1,Germfask,MI,49836
B484,425766838,Stamps,V,Chuq,600,Kiem Road,4c4,Idaho Falls,ID,83401
B485,518635478,Wasmeier,D,Yukihito,43,Dunham Avenue,3g8,Charlestown,RI,2813
B486,0,Gozani,S,Midha,302,Fishel Parkway,8l3,Washington,DC,20543
B487,612844730,Masaaki,D,Tabor,200,Fara Street,3v3,Phippsburg,ME,4562
B488,556448687,Laborde,,Hatm,914,Latifah Street,6x6,Louisville,KY,40208
B489,0,Emme,O,Dolgin,762,Vericker Road,5x3,Faxon,OK,73540
B490,474613633,Monah,I,Goerlitz,775,Ceasar Road,6q8,Yeagertown,PA,17099
B491,737124833,Prafula,O,Stuedeli,325,Bit St,1t0,Lakeside-Marblehead,OH,43440
B492,0,Tony,J,Simoni,179,Archibald Avenue,0.00E+00,Minot,MA,2055
B493,0,Darcee,J,Escuder,956,Newman Avenue,1g8,Kosrae,FM,96944
B494,742331448,Chace,,Sumanth,727,Zarlingo St,6p7,Jackson,TN,38303
B495,365420186,Kanapa,D,Edsinger,,PO Box 201,,Aiea,HI,96861
B496,480020314,Hindelang,Q,Munar,567,Sontag Road,2j7,Brandy Camp,PA,15822
B497,0,Triggiano,S,Guarano,,PO Box 820,,Roanoke Rapids,NC,27870
B498,0,Sams,P,Ishigami,352,Mcquaig Lane,7i5,Concord,NH,3306
B499,0,Gispert,D,Schonberger,97,Kahan Street,4r3,Dunlap,KS,66848
B500,0,Byk,U,Truran,622,Bealet Lane,4w2,Dendron,VA,23839
B501,106810508,Mayobre,,Flater,907,Salverda,7u2,Wausa,NE,68786
B502,405085416,Olliff,R,Lavarnway,751,Wilkinson St,8g7,Evansville,IN,47730
B503,501526036,Sulevi,R,Nooshin,413,Lafalce St,4x3,Bloomington,ID,83223
B504,160167304,Rutyna,X,Ext,321,Welling Pkwy,6o1,Crystal Bay,NV,89402
B505,304363205,Philippotin,P,Biswa,88,Guiniling St,5q5,Chester,SC,29706
B506,263837751,English,,Kaderan,880,Drechsel Rd,5b0,Jackpot,NV,89825
B507,0,Buechner,I,Zbig,103,Marr Street,6i4,Hildreth,NE,68947
B508,0,Kohn,H,Lodeserto,800,Habsah Rd,6p1,Fayette,MS,39069
B509,122084170,Kiwi,,Waughtal,897,Shanmin Avenue,1g8,Idaho Falls,ID,83403
B510,553442555,Durantaye,S,Euler,599,Grasher Ave,1u0,Vernon-Rockville,CT,6066
B511,225210047,Torok,T,Fradette,862,Terburgh Avenue,6m4,San Juan,PR,901
B512,0,Lamothe,J,Naumann,694,Cardiss St,6n8,Sebago Lake,ME,4075
B513,525747160,Kalman,G,Krom,,PO Box 4204,,Jackson,CA,95642
B514,155356581,Vasilis,S,Patt,712,Duston Parkway,1r3,Bordelonville,LA,71320
B515,477647774,Osiakwan,D,Yvett,,PO Box 4440,,Lincoln,NE,68505
B516,250015074,Allianora,,Ventrone,942,Geraci St,5m7,San Antonio,TX,78242
B517,450643347,Figueroa,L,Kimata,438,Albin Rd,7s5,Fremont,IA,52561
B518,737624468,Flanagan,A,Poobah,740,Mildred Ave,3q5,Heflin,AL,36264
B519,203623627,Bujan,U,Dietra,327,Folkner Lane,4t4,Atlanta,GA,30334
B520,0,Marill,O,Cholette,637,Plouffe Rd,1o1,Dayton,OH,45405
B521,767153006,Kandy,J,Giger,696,Melzi Ave,7o6,Cranston,RI,2910
B522,460787738,Wood,B,Olken,971,Himraj,7b4,Bridgewater,ME,4735
B523,437721340,Seehorn,J,Sedivy,440,Lowles St,8v7,Fairfax,VA,22037
B524,0,Jande,N,Sumstad,332,Bophal,0d7,Ashland,IL,62612
B525,585036514,Hosmer,,Ky,829,Highstreet Street,7f5,Cottage Grove,OR,97472
B526,0,Vinci,F,Colquhoun,468,Shiba Pkwy,5k1,Waterloo,SC,29384
B527,0,Letty,,Ferrazzi,983,Coats Parkway,3a3,Lewistown,MT,59445
B528,153385511,Fierthaler,P,Neureuther,663,Tes Avenue,1a4,Bear,DE,19701
B529,268504724,Freiberg,T,Datema,33,Mavis Avenue,3h6,Encino,CA,91436
B530,572736726,Feuerstein,I,Tyyne,921,Chappuy Ave,0f7,Castine,ME,4420
B531,0,Kawaye,,Gengenbach,417,Held Ave,4x8,Rushsylvania,OH,43347
B532,0,Marsaut,M,Hester,651,Hellenes Avenue,0j0,Mount Victory,OH,43340
B533,744116335,Umeda,M,Radke,249,Abrar Avenue,7x3,Culberson,NC,28903
B534,0,Vanasundr,P,Cowley,140,Hearring Road,5a6,Byron,NE,68325
B535,402232642,Vissotski,E,Lakkur,729,Sauveur Street,3u7,Raleigh,NC,27690
B536,317635513,Engr,I,Vestal,,PO Box 3281,,Hiram,ME,4041
B537,621023583,Shigeo,R,Romine,82,Raejean Ln,0p0,Hattiesburg,MS,39403
B538,0,Winchenbach,O,Weller,113,Creevan Street,7k7,New Orleans,LA,70174
B539,0,Drol,G,Phongsri,170,Willenbring Road,3h8,Hayes,LA,70646
B540,723123508,Jeanna,D,Manoel,75,Oppedisano Street,8.00E+05,Knoxville,TN,37990
B541,727638357,Kissee,N,Wojdylo,886,Youden St,0i1,Cornell,IL,61319
B542,335212061,Marchettini,,Sees,736,Elsener St,0x8,Huntington Beach,CA,92605
B543,0,Furutsuki,B,Rebec,153,Amorelli Street,1f3,Gary,IN,46408
B544,0,Kien,,Woodyer,322,Conradson Road,2c0,Avalon,TX,76623
B545,158784452,Capella,,Mukul,271,Dehbonei Avenue,4t6,Ola,AR,72853
B546,716555383,Vuille,X,Kolkowski,710,Heddy St,7y6,Clarkrange,TN,38553
B547,514686045,Nativite,F,Miem,502,Yukinori St,8k7,Tellico Plains,TN,37385
B548,0,Jawana,,Mote,259,Boren Parkway,8l0,Plano,IA,52581
B549,223486116,Glatzel,H,Kolloff,919,Jasjit Rd,3.00E+07,Saint Agatha,ME,4772
B550,105025527,Antonia,C,Kazmierzak,,PO Box 4433,,Metcalfe,MS,38760
B551,612423365,Kutac,,Formanek,757,Cates Ave,0v5,Magnolia,NJ,8049
B552,0,Efron,B,Terresa,202,Famke Parkway,8k5,Folsom,NM,88419
B553,601815266,Frimmer,N,Korak,626,Pakjong Pkwy,2n0,Juncos,PR,666
B554,0,Mtlipadm,V,Pyatt,994,Lauro Ave,7i7,Sebastian,FL,32976
B555,357423774,Vadhia,J,Tabron,991,Mouni St,5q5,Stevenson,MD,21153
B556,555155504,Hargrave,I,Reubelt,254,Suvi Avenue,5p6,Saint Petersburg,FL,33709
B557,243043386,Dankers,P,Orford,850,Nemeth Ave,7w0,Milton,DE,19968
B558,684670071,Hoermann,L,Biesty,,PO Box 235,,Sparks,NV,89431
B559,232135261,Rusnack,U,Campant,276,Neils Road,8g0,Avondale-Goodyear,AZ,85338
B560,0,Lowey,,Dessemond,162,Piraino Ave,7.00E+08,Mc Bain,MI,49657
B561,0,Ratko,E,Stilp,752,Mcconaghay Avenue,2r6,Hana,HI,96713
B562,485448261,Truth,I,Camet,156,Sakdiah Street,5y7,Coopers Mills,ME,4341
B563,753205062,Monraz,,Chheng,717,Zukovsky Lane,4n5,Duncan,SC,29334
B564,603467641,Strommer,R,Bubak,760,Coslovi St,3z5,Kosrae,FM,96944
B565,0,Doerrmann,Y,Champaco,922,Jerde Parkway,1c6,Fort Smith,AR,72913
B566,0,Gasmi,K,Nagpal,,PO Box 3543,,Walker,MO,64790
B567,213723818,Stulberg,,Tapfer,574,Quy St,6b2,East Hampstead,NH,3826
B568,655035376,Boime,I,Himawan,376,Fiorucci Ln,3r8,Montmorenci,SC,29839
B569,377047766,Bascombe,,Salaices,710,Tillar Pkwy,1s2,Kosrae,FM,96944
B570,130172662,Dolivo,K,Croy,,PO Box 1873,,Lakeside,CA,92040
B571,200274803,Morash,,Santoniccolo,434,Stuppard Street,5s7,Albany,NY,12208
B572,578806808,Hunga,,Beucler,533,Wadsworth Avenue,1y6,Oregon City,OR,97045
B573,500741401,Nishimura,J,Stromereder,,PO Box 1862,,Jackson,AL,36501
B574,0,Baldridge,Z,Nordengren,22,Ales St,1d7,Wahpeton,ND,58076
B575,464616262,Isobe,I,Vifian,493,Splaine St,4n5,West Greene,AL,35491
B576,0,Papa,H,Flo,340,Kamp Street,4j3,Hunnewell,MO,63443
B577,226041871,Mcgonigle,,Liberator,891,Iolande St,5v1,Ellis,KS,67637
B578,626067431,Pfeiffer,J,Fitzsimons,906,Stroud Ave,4t1,Westfield,ME,4787
B579,123651668,Wihggegt,L,Avarami,807,Murry Ln,4d0,Lebanon,OR,97355
B580,161012130,Heitzman,,Aino,38,Bellanca,4.00E+01,Gary,IN,46408
B581,0,Shatrau,,Haoun,296,Herriford Avenue,3n8,Latham,MO,65050
B582,644365245,Hechevin,,Yahy,536,Tomaello Road,3x6,Rochester,NY,14652
B583,130234832,Alysa,P,Mabena,138,Sanda Road,3g7,Albuquerque,NM,87199
B584,217703802,Yukako,B,Schoen,852,Grubbs Avenue,6k6,Fossil,OR,97830
B585,153850578,Dreller,I,Bonalumi,504,Burenheide Ave,5b6,Coolidge,AZ,85228
B586,0,Raker,E,Esinai,46,Nussle Rd,7u7,Belden,ND,58715
B587,0,Ruopp,O,Turneur,749,Stinziani Ave,2g2,Hope,NJ,7844
B588,422230015,Sink,H,Reiland,189,Clamaron Road,2.00E+05,Athol,MA,1368
B589,301473683,Benedicto,R,Coghlan,873,Surman Avenue,6g5,Colfax,LA,71417
B590,415058323,Zuccarelli,S,Poe,984,Tardif Lane,8q5,Jal,NM,88252
B591,0,Peiling,S,Petrose,222,Forghani Lane,2x1,Frederiksted,VI,840
B592,222012444,Sumimura,K,Zhong,306,Addison Rd,2c4,Agana,GU,96922
B593,144035243,Parisen,,Goniotakis,17,Souza St,1c6,Arecibo,PR,613
B594,210302785,Kaden,H,Walstra,686,Ronalda Street,8o4,Grand Rapids,MI,49500
B595,412366507,Gaspar,G,Burwell,,PO Box 1550,,Vero Beach,FL,32961
B596,258704174,Vuong,G,Yamaguchi,315,Pinecrest,6g8,Indian Springs,NV,89070
B597,545855524,Mahbeer,Y,Ianace,925,Cleery,5r5,Milldale,CT,6467
B598,607735357,Reagen,,Kleinhans,12,Rawnoi Street,8z0,Maryville,IL,62062
B599,720441084,Randall,V,Isozaki,856,Motz Avenue,0u2,Kief,ND,58747
B600,0,Evrard,Q,Tasmowski,11,Michaelwoo,6y0,Altoona,FL,32702
B601,344336078,Teetwo,A,Sherra,872,Tansey,4y2,New Durham,NH,3855
B602,0,Valentik,Y,Ohr,674,Lopau Avenue,2m0,Washington,DC,20212
B603,215308585,Tagusagawa,O,Kuan,901,Yeorgios Lane,6v7,Monument,KS,67747
B604,326062585,Arand,O,Greytock,83,Thurogood Road,0x2,Bishopville,MD,21813
B605,0,Darko,S,Craib,876,Ormseth Street,6u7,Sebeka,MN,56477
B606,0,Inho,S,Chennette,373,Kosaka Street,1u6,Benton City,MO,65232
B607,522013607,Golari,K,Rosliah,487,Soon Street,6z6,Crossnore,NC,28616
B608,211803604,Lehel,J,Zadow,687,Elene St,1r8,Watertown,MN,55388
B609,404860502,Maryniak,U,Murdoch,608,Behlmann Road,1d6,Curlew,IA,50527
B610,416124357,Stampfl,U,If,173,Luster Ln,7v7,Salt Lake City,UT,84150
B611,0,Hennen,N,Fraidenburg,617,Holberry St,4d3,North Kingstown,RI,2854
B612,104331477,Dery,M,Langhals,652,Paresi,4b3,Florence,MT,59833
B613,322428132,Brau,U,qAb,907,Dyna St,1r8,Wasahington,DC,20080
B614,0,Benn,K,Jaquelyn,,PO Box 3250,,Saint Marys City,MD,20686
B615,0,Oliverio,Z,Henell,233,Romo Rd,0k0,Florence,KS,66851
B616,406866330,Farfan,N,Nervaiz,205,Nakai Pkwy,3u6,Houston,DE,19954
B617,0,Mokmin,Z,Assaf,906,Urbielewicz Road,5i6,Mansfield,OH,44999
B618,0,Borojevic,I,Kodaira,661,Casali Parkway,6u5,Tucson,AZ,85705
B619,270821067,Parciak,W,Rora,775,Hy Rd,0x4,Hoosick,NY,12089
B620,0,Oterino,Z,Boonie,687,Ticer,6f7,Power,MT,59468
B621,270828172,Lucie,T,Flanders,843,Remitha Rd,1.00E+04,Denhoff,ND,58430
B622,715051666,Ibolya,C,Schoendorf,429,Loan Avenue,5m6,Tubac,AZ,85646
B623,112287643,Schrock,Y,Biwer,425,Dorishampton Street,2l7,Kingsville,TX,78363
B624,0,Meeting,K,Amelita,535,Shamas Street,6v6,Toledo,OH,43601
B625,0,Bouck,R,Ibrahi,920,Salonikidou Parkway,1.00E+06,Gnadenhutten,OH,44629
B626,110838201,Axel,,Tonie,615,Gaik Street,5f7,Bayamon,PR,619
B627,757571843,Schaefers,I,Funston,251,Luelle Avenue,6s0,Beaufort,SC,29902
B628,584078251,Ruperta,,Agers,921,Kahtasian,8c7,Arlington,VA,22215
B629,641131887,Arpita,V,Major,9,Walrand Ln,7c2,Las Cruces,NM,88001
B630,420344658,Pomme,,Vangell,652,Lira Parkway,1c6,Rio Grande,PR,721
B631,308184484,Hermon,X,Citarelli,100,Felder Rd,6v2,San Patricio,NM,88348
B632,0,Fenjiro,J,Vaters,882,Korthouse Lane,5f0,North Brookfield,NY,13418
B633,707014827,Hagner,Y,Lutzke,,PO Box 4351,,New York,NY,10126
B634,644548364,Viscomte,T,Mordy,,PO Box 2076,,Fort Collins,CO,80524
B635,711654635,Tsubochi,V,Eardley,401,Katsohirakis Ln,4k0,Scotland,MD,20687
B636,143530866,Vendette,Q,Hibbs,889,Henny Parkway,2r3,Mallory,NY,13103
B637,188238230,Arcella,U,Alessio,313,Mustakim Ln,1a4,Henderson,NY,13650
B638,612683667,Tognetti,Q,Valentinelli,981,Tondera Lane,6p2,Rillito,AZ,85654
B639,312040020,Michenaud,K,Habig,925,Edgreen St,7i4,Springerville,AZ,85938
B640,0,Chancel,Y,Ohlicher,,PO Box 3360,,Sherwood,MI,49089
B641,100717326,Bouick,,Taren,243,Best Street,1v1,Crane,MO,65633
B642,625085083,Kaliski,D,Gertie,631,Lebreton Lane,5.00E+00,Llewellyn,PA,17944
B643,561233160,Lachina,C,Nanamiya,55,Babara Avenue,6z6,Brooksville,ME,4617
B644,346762686,Weyland,,Ojala,75,Zarla Ave,1k8,Ada,MN,56510
B645,0,Harmonia,S,Delachat,69,Honor,0m7,Mc Keesport,PA,15130
B646,0,Gaudy,,Mariamah,,PO Box 3793,,Bivalve,MD,21814
B647,586250854,Hoj,,Tel,371,Bashyam Street,5.00E+03,Kansas City,MO,64172
B648,340086346,Searle,L,Ramin,869,Fluet Pkwy,0t8,Warner,SD,57479
B649,351222540,Tsortos,B,Meehan,892,Fauntleroy St,0j3,Albuquerque,NM,87030
B650,521508461,Ronica,D,Sene,,PO Box 1684,,Glenwood,NC,28737
B651,702141187,Chalstrom,,Pecic,577,Raffetto Rd,2p7,Roanoke,VA,24013
B652,125163070,Swiatkowski,O,Fattouh,946,Dorais St,4s4,Christiansted,VI,822
B653,648607232,Goodlett,E,Rubin,160,Karalee Road,1j5,Haiku,HI,96708
B654,414847130,Coleby,,Fab,423,Duriat Road,0i2,Frederiksted,VI,840
B655,0,Its,N,Harriett,57,Aurea Lane,2p1,Mc Pherson,KS,67460
B656,300818104,Missi,Q,Ijff,279,Dysart Street,1c3,South Windsor,CT,6074
B657,123654335,Drouin,,Mildrid,132,Luerra Avenue,3.00E+00,Wright City,OK,74766
B658,748133456,Boycie,H,Guigoz,88,Murai Ave,6b2,Las Vegas,NV,89101
B659,177438432,Stoke,N,Ryter,635,Melecio Road,6k7,Nondalton,AK,99640
B660,0,Mineta,S,Sy,872,Depew St,3w4,Jackson,MS,39283
B661,152864538,Chock,Z,Hanja,790,Brulebois Street,0j1,York,PA,17404
B662,717562381,Eisenlauer,P,Rutyna,113,Nyles Street,1k1,Webster,KY,40176
B663,486445582,Hamlette,V,Haskel,441,Diannne Ave,1i5,Valhermoso Springs,AL,35775
B664,277477726,Perumal,L,Schaik,867,Rousseau Ln,7n5,Huntingtown,MD,20639
B665,260844147,Mirva,H,Clemmie,775,Pahlow Rd,2i7,Silver Lake,NH,3875
B666,456261516,Suesser,Y,Zellman,528,Chakkarava Rd,4c6,Griffin,GA,30223
B667,0,Gilardi,S,Beshir,518,Dobson Road,5u0,Powers Lake,ND,58773
B668,0,Saralah,Q,Gimblett,907,Vikas Street,7i3,Logansport,LA,71049
B669,0,Hixenbaugh,,Xever,597,Meir St,0k2,Leamington,UT,84638
B670,754652508,Kaycee,P,Tanar,423,Otes Rd,7i4,Jupiter,FL,33458
B671,400071721,Sabrina,V,Brandstadt,200,Jamin Rd,2m7,Lubec,ME,4652
B672,614783630,Tuulia,R,Adah,252,Mister Road,2c8,Bell City,MO,63735
B673,613634087,Gittel,Y,Nies,830,Selamat Pkwy,8c5,Circle Pines,MN,55014
B674,0,Constanti,F,Molt,550,Shipler Pkwy,4x5,Apopka,FL,32704
B675,750444110,Helita,T,Kagi,439,Allardyce St,6x0,Thornton,PA,19373
B676,438321863,House,Q,Hudson,91,Niedergerke Road,3h5,Washington,DC,20463
B677,570308612,Mayasandra,N,Hildebrant,525,Franzky Road,2k5,Saint Paul,NE,68873
B678,732218158,Bescheinen,C,Wainwright,,PO Box 476,,Etna,ME,4434
B679,570448416,Panchen,E,Mahmud,33,Standrin,3a7,Goodway,AL,36449
B680,302651333,Deocares,Q,Byard,,PO Box 3438,,Falcon,NC,28342
B681,727663487,Orlando,D,Komenda,,PO Box 85,,Littleton,IL,61452
B682,527845415,Marvette,G,Sylvere,891,Chengfoo Ave,7.00E+06,Contoocook,NH,3229
B683,0,Majel,R,Cogswell,711,Saunder,6g6,Ithaca,NE,68033
B684,620023748,Giallo,J,Narduzzi,144,Berig Street,6b6,Alstead,NH,3602
B685,264386258,Ayter,,Klepp,,PO Box 4834,,Akron,OH,44398
B686,656848071,Ulric,K,Ini,709,Chasalow Road,2t6,Fort Gibson,OK,74434
B687,0,Saxe,E,Paz,600,Teik Pkwy,0l1,Agana,GU,96918
B688,442213830,Kouichiro,H,Deville,112,Kahle Street,2q3,Nondalton,AK,99640
B689,641237656,Hosoda,B,Leontyne,363,Pflugfelder Road,8c1,Richburg,SC,29729
B690,0,Almeria,F,Strope,730,Pragel Ave,5i6,Greensburg,PA,15606
B691,640825805,Caruth,,Cicchino,33,Vandevanter Road,3l5,Wakefield,LA,70784
B692,187485751,Buzyn,Y,Lesur,614,Christelle Rd,0o3,Wilmington,DE,19800
B693,0,Lela,B,Ansagay,701,Maycock,1p7,Washington,DC,20502
B694,0,Martinsen,J,Kamar,7,Pyer Parkway,4t3,Hallsville,MO,65255
B695,0,Sutherlin,,Oldani,209,Zimbelman,0l8,Ford,VA,23822
B696,467688885,Steklasa,B,Mahlberg,,PO Box 1096,,Amonate,VA,24601
B697,720347313,Olly,C,Rodge,894,Dammertz,6p0,Port Leyden,NY,13433
B698,408166151,Subramani,,Halejak,,PO Box 2691,,Versailles,KY,40383
B699,0,Schomberg,P,Ingle,740,Bergold Road,2k4,Ceiba,PR,635
B700,0,Lundi,A,Adjedj,877,Winkfield Lane,1k1,Plevna,MT,59344
B701,506538842,Ute,H,Canivell,959,Antolin Street,5o5,Seattle,WA,98121
B702,511318835,Kumaresan,E,Olaeyan,434,Milone Road,1v8,Bly,OR,97622
B703,0,Heme,,Lovat,503,Lonni,3m8,Lyles,TN,37098
B704,654433521,Nittmann,R,Medlock,310,Denette Avenue,8n4,Concord,MI,49237
B705,0,Broschuk,K,Karakorpi,,PO Box 3270,,Grover,SC,29447
B706,0,Bienheureux,G,Ungku,,PO Box 315,,Baton Rouge,LA,70825
B707,485157404,Bustelli,,Gulabi,204,Ilpyung Road,1i3,Anchorage,AK,99502
B708,143648546,Rickhoff,Y,Culverhouse,874,Mico Ave,0p3,Forestdale,RI,2824
B709,370623442,Binau,R,Kerri,539,Whitehorn Rd,0y5,Charlotte Amalie,VI,804
B710,0,Verdoodt,P,Hirohito,356,Bachmann St,6d1,Mulvane,KS,67110
B711,747030608,Maryatt,L,Steinheimer,551,Bagdy Avenue,4p6,Ravenna,KY,40472
B712,166565600,Dao,F,Lienhard,534,Higa Ave,4x5,Baltimore,MD,21229
B713,311632444,Gwendellyn,T,Kruskopf,493,Delila St,2d6,Washington,DC,20211
B714,208667762,Ghazvini,V,Mely,212,Gerardi Road,6.00E+08,Boston,MA,2116
B715,556223764,Cipollone,D,Rocamora,366,Siesser Street,2y2,Saint Johns,OH,45884
B716,334263124,Sugg,,Camerotto,779,Bosseloo Rd,4h5,Gaffney,SC,29340
B717,700882475,Ulbrich,,Parisa,801,Pedwell Pkwy,0g5,Holualoa,HI,96725
B718,0,Hruwska,Y,Byma,41,Squarcia Ave,5g8,Lansing,MI,48912
B719,0,Jetzky,F,Jadro,42,Lomayesva,5j0,Akiak,AK,99552
B720,278332084,Harv,A,Sampo,411,Teik Pkwy,8d5,Quimby,ME,4770
B721,0,Bruc,S,Vinita,241,Sweejoo Ave,3g6,Emery,SD,57332
B722,637018271,Wulf,G,Iniesta,968,Roll Road,3q3,Panama City,FL,32404
B723,0,Punton,A,Vanhove,302,Dhaliwal Avenue,2t0,Edwards,MS,39066
B724,361177300,Ackley,C,Seigies,883,Kahtasian St,4l6,Van Nuys,CA,91388
B725,0,Gachon,F,Melhem,806,You Ave,5k4,Campbellsburg,KY,40011
B726,368818441,Rasilla,O,Chingtsun,594,Kitti,8f1,Colton,OR,97017
B727,0,Hietala,X,Wilmsmeyer,600,Riemer Ave,7p3,Washington,DC,20227
B728,0,Verena,Y,Rodrik,202,Cheowtong Road,2v2,Honolulu,HI,96808
B729,601743274,Rosalynd,P,Erkan,23,Sibilla Parkway,4t2,Hayes Center,NE,69032
B730,520851380,Riggert,X,Duces,889,Tresa Ave,5m1,Rosamond,IL,62083
B731,0,Hosking,,Kyee,343,Ahtye Road,7f0,Cotopaxi,CO,81223
B732,168148127,Covert,I,Beinhauer,971,Milanfar Ln,6q7,Fredericksburg,IN,47120
B733,376832752,Fleecs,M,Refat,49,Milner Avenue,3.00E+00,Washington,DC,20554
B734,683025108,Stokoe,,Christl,622,Arriero,0i4,Robinson,ND,58478
B735,368170880,Malan,C,Bharati,846,Sebastiano Lane,1o4,Batesburg,SC,29006
B736,0,Wannetta,M,Cherish,,PO Box 2305,,Glenwood,UT,84730
B737,602747226,Prelude,H,Korpela,,PO Box 3573,,Kodiak,AK,99615
B738,528261776,Ledingham,P,Sternadel,603,Kalli Pkwy,2b8,Marathon,FL,33051
B739,461054180,Sydnor,E,Yvan,970,Fagerquist St,3b6,Christiansted,VI,823
B740,508331460,Batista,C,Bhatnagar,720,Dusan Ln,2w8,Frederiksted,VI,840
B741,0,Sandifer,F,Kaps,214,Cathrine Ave,2.00E+06,Hilo,HI,96721
B742,124016034,Destors,X,Succoyasheela,199,Guelton Avenue,0l4,Christiansted,VI,820
B743,142518537,Mohler,,Daimee,609,Gylin Avenue,1i8,Harrisville,RI,2830
B744,662682418,Scapicchio,J,Maupin,25,Granata Street,1d3,Chouteau,OK,74353
B745,236242154,Hellin,L,Loose,,PO Box 1246,,Burlington,KS,66839
B746,550827321,Wynnie,F,Juanitas,,PO Box 1655,,Silverton,OR,97381
B747,511204013,Lachu,B,Rezzik,885,Krashinsky Ave,5w0,Beecher City,IL,62444
B748,0,Pesut,H,Papajanis,690,Arora,6x4,Polacca,AZ,86042
B749,0,Mccreery,B,Kuhlitz,44,Sartori Street,6r7,Big Sandy,TN,38221
B750,650533653,Johndrow,E,Chaiko,382,Abzizi Ave,5t6,Winnabow,NC,28479
B751,166055671,Cosimo,H,Gheciu,477,Wolfs Ave,8h7,Central,IN,47110
B752,220526318,Schuler,,Lamonde,333,Wendle St,5a3,Akin,IL,62805
B753,654302874,Bournival,I,Duriez,244,Craigdupuis Lane,4o5,Gildforcd,MT,59525
B754,318524467,Rouge,R,Faivre,271,Ellard,2p6,Roosevelt,AZ,85545
B755,204164588,Epplett,D,Miffy,898,Pachal Street,8g1,Liberty Mills,IN,46946
B756,237620145,Vacher,,Duffney,821,Farizat Street,7n4,Albuquerque,NM,87120
B757,211683066,Medeiros,Q,Navalta,209,Broom Street,5d7,Honolulu,HI,96847
B758,634547128,Tweedie,D,Forest,813,Nathanil Ave,5m8,Blanco,OK,74528
B759,0,Khullar,B,Kahaleel,964,Clemmy Road,6m2,Chokoloskee,FL,33925
B760,376144584,Sturdevant,S,Reysen,161,Mcclendon Rd,3.00E+05,Waverly,MO,64096
B761,284855335,Velenchenko,E,Winsky,855,Holdsworth Rd,5f8,Hubbell,MI,49934
B762,667010410,Seve,N,Briney,843,Bovin Parkway,7k8,Esmond,RI,2917
B763,156226565,Edosada,A,Jouandeau,19,Byler Ave,7o5,Mint Spring,VA,24463
B764,0,Sudeep,,Takenami,205,Tiia Ave,7i4,Laguna,NM,87026
B765,323384821,Macfarlan,E,Lefevre,454,Green,7w8,Agana,GU,96911
B766,276867265,Molnar,X,Nettleton,602,Cowlin,6k8,Prairie City,OR,97817
B767,440637813,Rashmi,G,Ciordia,588,Duba Ln,6b8,Clawson,UT,84516
B768,0,Zering,A,Kanies,797,Hemsley Street,3w2,Box Elder,SD,57719
B769,201014408,Jethro,H,Tappe,489,Tonder Ave,6b4,Helper,UT,84526
B770,0,Annemari,Q,Mccaig,781,Cirulli Street,8y6,Tucson,AZ,85700
B771,675470453,Keilers,N,Wendle,569,Pavier Avenue,8u2,Riley,OR,97758
B772,0,Nora,I,Relerford,424,Diogo Road,0.00E+00,Manchester,NH,3104
B773,0,Tracy,C,Isidro,853,Leishman Rd,0m5,Sarahsville,OH,43779
B774,0,Palanisami,Y,Fasching,834,Stermitz Pkwy,8p3,Sargent,NE,68874
B775,0,Jenefer,M,Meszaros,845,Vegas Rd,5g5,Presque Isle,ME,4769
B776,0,Shihdar,G,Duana,960,Fal St,3u5,Martin,KY,41649
B777,0,Kinny,,Mandrusov,614,Gae Avenue,3q5,Combs,AR,72721
B778,558520710,Swimeley,C,Dijaili,916,Dohan Ln,6h4,Cisco,UT,84515
B779,0,Brinna,A,Parkash,,PO Box 2213,,Niarada,MT,59852
B780,450458661,Silwer,,Chenier,152,Nariko St,3a5,West Chesterfield,NH,3466
B781,145661234,Gaither,M,Fiaz,227,Antje Rd,4n5,Saint Louis,MO,63107
B782,657478807,Soulevant,,Beck,703,Korondy Lane,6j4,False Pass,AK,99583
B783,0,Starla,O,Zukosky,68,Jie Avenue,5f8,Powell,OH,43065
B784,0,Sarbiah,A,Tyda,271,Tosello St,3p0,East Newport,ME,4933
B785,341866441,Swee,D,Korda,798,Olandria Ave,1u1,Box Elder,MT,59521
B786,633523471,Rickborn,M,Jackman,162,Diffee Street,7b8,Picture Rocks,PA,17762
B787,0,Bond,I,Renault,451,Rubina Lane,7n5,Honolulu,HI,96820
B788,385215552,Kawano,B,Morita,280,Ariella St,3p3,Las Vegas,NV,89106
B789,0,Norrell,R,Allahdadkhan,268,Stetner,7h6,Arvada,CO,80003
B790,315321802,Augeri,,Sehling,,PO Box 4958,,Long Island City,NY,11104
B791,0,Sarlos,T,Jetland,,PO Box 4884,,Hyannis Port,MA,2647
B792,0,Hamedi,B,Kendle,175,Lisi Pkwy,8j8,Garden City,SD,57236
B793,0,Lafaye,S,Narcisse,156,Felipe Lane,1v1,Toler,KY,41569
B794,225275672,Janiece,F,Rissman,,PO Box 2902,,New Castle,CO,81647
B795,481658227,Hoque,N,Parveen,921,Gambill Pkwy,5a1,Sheppton,PA,18248
B796,0,Emr,,Delon,211,Anibal Rd,0h6,Carnegie,OK,73015
B797,0,Mohib,B,Haseltine,984,Shogren,2x7,Stillwater,OK,74078
B798,173314176,Fifer,Z,Owh,357,Vanslambrook St,0f4,Port Arthur,TX,77642
B799,0,Ellens,M,Ducret,,PO Box 1546,,Ontario,OR,97908
B800,245517238,Minium,G,Parsley,585,Lormor,5l8,Boston,MA,2101
B801,162162606,Dueppen,N,Rune,,PO Box 3880,,Palm Coast,FL,32035
B802,230186446,Bertenbreiter,F,Trini,456,Miura Avenue,3g8,Lyons,OR,97384
B803,0,Revol,F,Ezmeralda,341,Strachan St,4g7,West Minot,ME,4288
B804,751408452,Coble,,Yeng,854,Dobroslav,6q6,Eastlake,CO,80614
B805,421435540,Spyros,C,Sarv,,PO Box 4170,,Hico,TX,76457
B806,501422414,Sakuma,S,Waguih,,PO Box 3820,,Gunnison,UT,84634
B807,325704380,Mammar,L,Marshie,626,Painblanc Pkwy,5o2,Owensboro,KY,42303
B808,756543308,Bleicher,A,oto,704,Milone Road,5v8,Canton,CT,6019
B809,555047625,Lorna,T,Wydronek,692,Barrios,0m0,Danbury,CT,6811
B810,246520627,Merlette,S,Plastina,,PO Box 2348,,Fort Hunter,NY,12069
B811,0,Loise,T,Begines,910,Moral Road,4c7,Milan,KS,67105
B812,542240577,Turki,V,Mendras,272,Birdie Rd,4u4,Charlotte Amalie,VI,803
B813,210082244,Saha,N,Heller,151,Sopiah Lane,6y0,Haskell,OK,74436
B814,0,Frits,Y,Estalella,240,Subissati Avenue,4f0,Chelsea,OK,74016
B815,783081543,Hendrix,G,Sanjuan,,PO Box 2929,,Miami,FL,33199
B816,317651337,Sukinah,V,Nino,574,Davidsen Ave,3m0,Dallas,SD,57529
B817,747586226,Neering,,Brittni,187,Popcorn St,5r8,La Sal,UT,84530
B818,428514661,Stracchino,O,Pla,341,Gijsel Lane,1i5,Santo Domingo Pueblo,NM,87052
B819,0,Kalnitsky,T,Grieshaber,13,Schedulers Ln,1p2,Letohatchee,AL,36047
B820,525556510,Dominjon,X,Shilla,902,Vigeant Rd,5v7,Paris,ME,4271
B821,0,Corritore,,Jayme,844,Kielo Road,0.00E+00,Agana,GU,96912
B822,423528846,Masha,,Carbonara,759,Harben Street,0b2,Cedar Crest,NM,87008
B823,746014686,Luscher,N,Asp,49,Nettleton Street,1f6,Ackley,IA,50601
B824,444716052,Satterlund,N,Ignace,41,Kerxhalli St,0y5,Caspian,MI,49915
B825,286371630,Hoberg,,Ramanand,654,Kysti Road,1x5,Lansing,MI,48933
B826,427418167,Lust,Z,Clay,898,Rion Ln,6w5,West Enfield,ME,4493
B827,0,Dunford,S,Fidelio,515,Rushmere Street,7l6,Wyaconda,MO,63474
B828,378880322,Nelda,,Binning,345,Kamalski Street,8x6,Agana,GU,96910
B829,416826126,Kelleher,J,Frierson,627,Urtiaga Ln,0m0,Greenville,RI,2828
B830,328484278,Fragnito,Y,Zinser,458,Lavasseur Road,4r0,San Antonio,TX,78231
B831,422536035,Eija,M,Sugiyama,516,Deyon Lane,4d7,Glen Flora,TX,77443
B832,212043140,Demetria,,Aveni,479,Dars Street,6h4,Bedford,KY,40006
B833,478421828,Belair,Y,Foubert,361,Toorani Ave,8q0,Sanfod,NM,27237
B834,0,Buczynski,C,Mcruvie,112,Ludwig Road,3q3,Bailey,MI,49303
B835,0,Chrissy,K,Chevrier,806,Revert Ave,2b6,Pease AFB,NH,3801
B836,180141687,Ardizone,U,Joubert,518,Margar,2s5,Portland,ME,4106
B837,0,Dupre,G,Rakotomalala,837,Lyday Ave,0q7,Dakota City,NE,68731
B838,483624224,Garnette,C,Matyas,946,Carlyle Avenue,5c5,Pepeekeo,HI,96783
B839,608873277,Bertine,,Shandeigh,346,Helenka Street,0b5,Arlington,NE,68002
B840,477764478,Sasano,A,Mozek,323,Yasuyoshi Street,0w7,Floyd,IA,50435
B841,441748131,Sarimah,U,Waitz,965,Duriez Avenue,3s2,Searchlight,NV,89029
B842,287616723,Bouri,L,Reates,270,Bacosa Road,5f8,Ovett,MS,39464
B843,0,Afton,,Eisnor,715,Jcst Lane,5y0,Charleston,SC,29405
B844,650056276,Sander,S,Bouras,920,Poss St,2g2,Calipatria,CA,92233
B845,0,Kelessoglou,Y,Hadria,,PO Box 4494,,Leon,IA,50144
B846,0,Kesling,X,Konstanze,557,Engelsman,8r6,Wadesboro,NC,28170
B847,657801132,Tumijah,J,Grillmeyer,329,Britney,0m3,Harrellsville,NC,27942
B848,453373117,Tatemichi,X,Sheba,327,Gerbas Street,4b0,Emelle,AL,35459
B849,768782625,Baumont,L,Guyman,670,Esselbach Street,3c8,Lowell,IN,46356
B850,0,Launo,S,Wieseneder,658,Rolph Ln,6z1,Cleveland,OH,44102
B851,0,Sippo,H,Ciudad,2,Pilram Street,0n5,Severn,VA,23155
B852,370538726,Campisano,X,Vallat,924,Chook Rd,6b6,Marshallberg,NC,28553
B853,384251077,Loob,Z,Jason,585,Miki Road,8w8,Clovis,NM,88101
B854,0,Maine,L,Yacob,707,Liesa Ln,8p3,Boston,MA,2293
B855,770517670,Patchcor,P,Pati,811,Conn Parkway,8w3,Epping,ND,58843
B856,766184024,Bettie,T,Bakar,590,Gryder,6k0,Canon City,CO,81246
B857,401574346,Eldin,B,Haest,17,Patkay Street,4x2,Albuquerque,NM,87115
B858,0,Giridharagopal,,Duquette,12,Uglow St,8d6,Drakesville,IA,52552
B859,527012820,Haynie,Q,Sayeeda,38,Colosi St,7t3,Crenshaw,MS,38621
B860,777616240,Parente,M,Winpenny,381,Donnet Ave,0h5,Hartford,CT,6183
B861,770114141,Hulbert,O,Geri,710,Wash Avenue,5.00E+07,Sharon,CT,6069
B862,0,Zanatta,N,Trittler,798,Toyia Pkwy,3i6,Amidon,ND,58620
B863,571871335,Merrithew,,Pashmineh,355,Nix Ave,4v3,Indianapolis,IN,46249
B864,310523851,Abe,H,Uta,553,Ashoor,6b5,Bethel,DE,19931
B865,0,Hilliard,O,Lavelle,332,Laverriere Road,4h5,Rail Road Flat,CA,95248
B866,0,Arns,,Speight,33,Fadlan Road,7t3,Woods Cross,UT,84087
B867,0,Antonio,J,Zevada,311,Melbourne St,1x1,Yale,IL,62481
B868,227161004,Rapp,N,Winterbottom,420,Hirt St,2a5,Curtis,MI,49820
B869,172144414,Jadro,T,Mehmet,971,Chunglin Ave,6c6,Kosrae,FM,96944
B870,240060555,Vilayil,H,Kaino,510,Saluta Road,0z5,Lynndyl,UT,84640
B871,572405117,Reija,W,Fagerlund,763,Savatovsky Road,0i5,Wellington,NV,89444
B872,0,Dude,,Viena,374,Katrinka Ave,3p6,Ardoch,ND,58213
B873,700102137,Meeri,Z,Romagnolo,166,Jalalizadeh Rd,1m3,Knob Lick,KY,42154
B874,0,Pipien,E,Mamerto,134,Peinemann Avenue,6c8,Red Bank,NJ,7703
B875,246095444,Kuzyk,A,Ahmad,,PO Box 2283,,Wingo,KY,42088
B876,233687731,Perdue,Q,Aird,73,Jungmeisteris Parkway,0j6,Abbeville,GA,31001
B877,0,Schoenthal,R,Sprogis,805,Stevanoski Rd,2q1,Parsons,KS,67357
B878,601430132,Shimun,Y,Guttek,795,Rutsaert St,1c6,Dayton,OH,45427
B879,687847773,Jillian,D,Fischer,50,Megazzini Parkway,4l0,Gilbert,AR,72636
B880,601036157,Katsube,I,Ensminger,131,Gotner Road,4w8,Mc Call,ID,83671
B881,302540577,Samzele,,Camilla,259,Lye Avenue,3w1,Clio,MI,48420
B882,0,Kaila,T,Schoettler,75,Koelmel Lane,4y1,Newburg,MD,20664
B883,0,Stowell,E,Kalfayan,613,Luerra Road,5q8,Hauula,HI,96717
B884,0,Rycca,C,Lori,766,Erik Rd,8s7,APO Miami,FL,34038
B885,604074781,Nichael,C,Slette,582,Onodera,1c2,New Meadows,ID,83654
B886,747426202,Schornick,M,Zu,320,Tsenter Ave,0f6,Charlotte Amalie,VI,802
B887,588584715,Amaral,O,Stifter,142,Kaczorowski Pkwy,1q4,Hasty,AR,72640
B888,525611252,Fatin,N,Samet,,PO Box 2003,,Cherokee,AL,35616
B889,226364211,Roldan,R,Setsuo,945,Wilhelm St,1z7,Saint Louis,MO,63108
B890,432477073,Silwer,T,Wallop,703,Bep Avenue,3v6,Port Barre,LA,70577
B891,341672116,Sprigings,H,Bonneville,315,Holy Avenue,3w2,Sweetser,IN,46987
B892,407771200,Mollard,X,Subatera,254,Perreault Street,2q8,Columbia,SC,29201
B893,482772687,Wartha,,Chernetsky,566,Freschet Ave,4j5,Mobile,AL,36602
B894,480543068,Krog,D,Irean,353,Hamachika Road,6i0,Louisville,KY,40222
B895,513820855,Lashell,D,Katimah,516,Wsbackup Lane,4q8,Albion,RI,2802
B896,400880637,Badger,L,Shiina,870,Kimmerle Ln,3c4,Grand Rapids,MI,49502
B897,0,Huu,T,Varano,82,Warnants Avenue,5l8,Asheville,NC,28816
B898,402881833,Tingyue,H,Muriel,252,Meier Street,0p5,Louin,MS,39338
B899,0,Chesca,V,Tesch,455,Scheel Avenue,5.00E+01,Prescott,AZ,86312
B900,0,Cronk,N,Fermat,247,Makong Street,8u6,Brier Hill,PA,15415
B901,368883311,Camuzet,,Munsey,635,Rabiasz St,2.00E+07,Rothbury,MI,49452
B902,388264684,Elonore,M,Bambach,283,Kang Ave,1a5,Fryeburg,ME,4037
B903,0,Oberg,F,Wilbs,352,Scheffer Avenue,8l6,Schenectady,NY,12306
B904,735048387,Hangtong,M,Fifer,365,Pinsart St,0w6,Wilmette,IL,60091
B905,654364604,Simpkin,V,Deschamps,132,Busatta Road,8.00E+03,Mobile,AL,36622
B906,551358432,Videto,S,Azaini,485,Papson Ave,6m5,Washington,DC,20544
B907,0,Giuhat,Z,Pushpavalli,764,Nishimura Street,0m6,Ethridge,TN,38456
B908,626233518,Menon,L,Kealiinohomoku,434,Frayda Street,6a0,Lewiston,ID,83501
B909,622661476,Hendardy,U,Shortlidge,559,Todi St,1y3,Bern,KS,66408
B910,0,Knip,U,Isha,655,Enis Ave,8p5,Watertown,MA,2172
B911,0,Laniel,,Kamaluddi,744,Lory Avenue,5l0,Lofanger,HI,70446
B912,106737405,Annick,,Diers,537,Amberson Road,4m4,Wichita,KS,67200
B913,0,Barasoain,R,Gee,233,Kristensen Street,4r7,Agana,GU,96922
B914,251041533,Vanorden,H,Derrith,410,Dilpreet Ave,3k5,Hobson,TX,78117
B915,0,Kirkpatrick,C,Donall,,PO Box 85,,Anthony,KS,67003
B916,0,Collot,I,Takayuki,525,Batra St,5u1,Washington,DC,20388
B917,442725714,Heisler,T,Jacobone,202,Platten Avenue,2v4,Schererville,IN,46375
B918,771743857,Velus,F,Krick,986,Silvije Rd,8g8,Washington,DC,20521
B919,0,Scholler,Q,Fleet,693,Nosibor Parkway,1d7,Dunbar,NE,68346
B920,0,Merna,H,Riemer,527,Wargo Road,6q0,Califon,NJ,7830
B921,116651520,Carron,P,Selja,798,Shimamoto Avenue,2l7,Cannon Beach,OR,97145
B922,354642103,Katuscha,D,Noema,822,Janaratne Ave,0x4,Newport,RI,2841
B923,0,Dena,B,Abbott,344,Nakanishi Road,3p1,Chaffee,ND,58014
B924,132524533,Laramie,Q,Kato,658,Tuieng St,2y1,Powers,OR,97466
B925,604072808,Hou,L,Sizemore,350,Stadelmeier St,3h0,Boulder,CO,80306
B926,608740875,Dubourdieu,S,Yuri,,PO Box 383,,Barrytown,NY,12507
B927,314171377,Nikolakakis,I,Tajima,638,Eitner Lane,1m2,Lake Preston,SD,57249
B928,550220427,Ordinario,G,Ilgenfritz,396,Berestin St,2r0,Stanfield,NC,28163
B929,706447275,Imran,J,Pageen,,PO Box 3987,,Tulsa,OK,74120
B930,0,Garrick,C,Snelten,516,Nilson Road,2q3,Sequatchie,TN,37374
B931,0,Evanne,,Loveless,770,Florescu Road,8r5,Fort Apache,AZ,85926
B932,168217446,Fanget,,Yoot,48,Stepter Street,4.00E+06,Sycamore,SC,29846
B933,413866072,Rocco,D,Tosh,662,Arline,6z0,Zephyr,TX,76890
B934,713037426,Withers,P,Esteghamat,840,Lourenco St,7a5,Providence,RI,2909
B935,0,Kingsford,,Berny,286,Janice Ave,2w8,Knifley,KY,42753
B936,734468276,Eliezer,Q,Letton,213,Mohammad Street,7i0,Winterthur,DE,19735
B937,700217063,Diederich,C,Bellegante,76,Kimberlin Road,7y0,Baltimore,MD,21279
B938,0,Peele,R,Vax,218,Ashdown Ln,6z5,Toledo,OH,43699
B939,0,Fenetre,S,Jemmy,472,Snorri Road,7g6,Pinckney,MI,48169
B940,724555841,Sausen,W,Immo,308,Meinikheim St,6x8,Cidra,PR,639
B941,704257240,Valaria,,Normandy,425,Nizman St,3i1,Waianae,HI,96792
B942,132812003,Heinzelmann,B,Chatterley,325,Chanshing Road,1u7,Catano,PR,632
B943,444605874,Le,C,Fab,806,Bayer Parkway,6j1,Santa Fe,NM,87538
B944,560427352,Zazulak,,Middelton,785,Goehmann St,2j0,Las Vegas,NV,89115
B945,133775366,Lynda,H,Yannis,175,Richman Ave,6j8,Winsted,CT,6094
B946,0,Jay,Y,Norlailah,,PO Box 3805,,Ozone,TN,37842
B947,780360668,Maurizio,G,Candica,24,Krzyszton Pkwy,8n6,Coventry,RI,2827
B948,602368284,Blondie,H,Mahendra,682,Bolliger St,8v4,Napoleon,ND,58561
B949,620646550,Wracher,F,Louvaine,116,Shamshiri,7p7,Timewell,IL,62375
B950,554010378,Umberto,Y,Marchese,100,Volbeda Avenue,4u8,Excelsior,MN,55331
B951,181623728,Pedersen,L,Manahil,737,Khamsan St,1y6,Troy,NH,3465
B952,604143751,Frangoulis,Z,Burchby,217,Joho Avenue,2t0,Washington,DC,20069
B953,181124026,Snedeker,,Lazzarini,599,Dennaoui Pkwy,1c0,White Marsh,VA,23183
B954,0,Championdemers,,Cisnews,658,Biddau Pkwy,7t1,Wrentham,MA,2093
B955,0,Hirokawa,,Mcgarrigle,694,Goldberg St,4v4,Cedar City,UT,84722
B956,271665506,Paulet,E,Fanchi,218,Urmersbach St,8t8,Hartford,CT,6103
B957,261780828,Mussinzah,W,Deli,277,Papadopulos Pkwy,0d6,Loma,MT,59460
B958,488452235,Emesh,G,Bram,788,Dunaway Street,6u1,Herod,IL,62947
B959,683574703,Lilammal,D,Whey,694,Drummer Ave,6j2,Pontotoc,OK,74863
B960,737624067,Mardenly,R,Lanzetta,353,Liebmann St,4o2,Lothair,MT,59461
B961,663582430,Wan,,Lebaudour,721,Hemelryck Lane,0y3,Dayton,ID,83232
B962,734543682,Niebudek,,Redpath,463,Ogg Street,6j0,Ninilchik,AK,99639
B963,404402326,Tingley,G,Alsleben,318,Forland Ave,5j8,Zephyr Cove,NV,89449
B964,403066440,Eran,R,Otsubo,,PO Box 1736,,Colton,OR,97017
B965,485240423,Iniesta,R,Lundi,494,Rastelli St,6d6,Odell,NE,68415
B966,738700717,Morawietz,,Dantonio,,PO Box 3799,,Beech Bluff,TN,38313
B967,0,Donelle,L,Kamsaton,714,Hertz Lane,7h6,Carolina,RI,2812
B968,673824142,Wilkes,N,Alyss,785,Teilhet Street,6u6,Victor,ID,83455
B969,0,Bonnard,Q,Meazza,317,Kuchelmeister Lane,6a5,Tyndall,SD,57066
B970,315082524,Phui,L,Loch,317,Paschwitz Lane,0l8,Newark,DE,19711
B971,145028230,Mecca,P,Mcilrath,935,Hutten Avenue,0g2,Tracys Landing,MD,20779
B972,580620472,Rende,W,Curtis,864,Brassem Street,8v3,Bridgeville,DE,19933
B973,254515428,Roly,G,Lawanda,188,Juerge Street,5j6,Red Oak,VA,23964
B974,747705438,Tahsin,H,Vadnais,316,Wyles Avenue,2g3,Waskom,TX,75692
B975,0,Yilmaz,O,Lammersen,606,Viernes Road,0b2,Trotters,ND,58657
B976,718764302,Iehle,J,Koolstra,751,Muffie St,3g8,Meredith,NH,3253
B977,576083221,Kitayama,Q,Hayati,308,Rozita Pkwy,6z1,Hull,MA,2045
B978,771014233,Chanchal,,Vasilakos,,PO Box 1863,,Millhousen,IN,47261
B979,328146142,Dacie,,Morelli,50,Purpura Street,0d1,De Queen,AR,71832
B980,482752070,Senawi,,Uecker,428,Tallou,3x7,Pease AFB,NH,3801
B981,713308265,Norona,S,Slocum,957,Ramshall Road,1r3,Fossil,OR,97830
B982,238763247,Merryman,K,Piggott,,PO Box 495,,Boston,MA,2130
B983,535752124,Aulis,B,Lemadec,640,Shayleen Ave,0n3,Peoria,IL,61614
B984,548477776,Phua,A,Goeltzenleuchter,,PO Box 4407,,Claymont,DE,19703
B985,128718522,Majd,V,Laranjo,326,Nauta Rd,6r8,Mesa,AZ,85203
B986,383760512,Waltenspiel,I,Loke,,PO Box 4265,,Hawthorne,NV,89415
B987,670330822,Wannell,B,Agnetti,958,Silverman Road,7l4,Elyria,NE,68837
B988,0,Nob,G,Tarsiewicz,272,Dickinson Parkway,2l6,Bluff,UT,84512
B989,0,Helvick,C,Carr,83,Burnette,3b6,Orlando,FL,32861
B990,676625475,Antimo,W,Hughie,805,Cafe Ave,1j2,Cunningham,KS,67035
B991,437200642,Kunimi,,Horrilleno,,PO Box 2700,,Steeleville,IL,62288
B992,470786505,Toshach,Z,Kluksdahl,,PO Box 3359,,Dayville,OR,97825
B993,703264326,Avictor,D,Stancliff,325,Hauan,1u5,Summerville,PA,15864
B994,0,Claas,I,Kaitlyn,124,Kairies,0t5,Los Angeles,CA,90044
B995,344181233,Pucheu,,Srinivas,19,Leiby Street,4m4,Bellwood,NE,68624
B996,0,Grenat,D,Nikaniki,102,Okasaki Pkwy,8t4,Homestead,MT,59242
B997,506715102,Rieck,P,Bergold,504,Elsebeth Ave,6g7,Burlington,KY,41005
B998,234064487,Hangst,T,Bebee,957,Combaz Parkway,5c0,Bode,IA,50519
B999,343735111,Ruffatt,K,Janecka,2,Tuite St,2p5,Kosrae,FM,96944
B1000,267141231,Sprayberry,,Thorley,552,Siaud Street,2s5,Anchorage,AK,99502
B1001,271202201,Rohr,I,Casner,61,Fishman,8g5,James Store,VA,23080
B1002,700462546,Yetta,R,Murchie,883,Lizzie Rd,6q0,Highland Lakes,NJ,7422
B1003,532170441,Onder,R,Sharratt,957,Lindsa Avenue,2q1,Atlas,MI,48411
B1004,253321874,Janeth,H,Mcclenaghan,38,Itzhak Street,5h6,Pekin,IN,47165
B1005,555384326,Tyrone,,Nobe,792,Ainnah Road,8m8,Wilmington,DE,19805
B1006,0,Thometz,F,Buchignani,631,Corell Parkway,0z0,Sedalia,KY,42079
B1007,536772554,Oty,U,Rothery,353,Sayson Street,4k0,Saint Francis,ME,4774
B1008,0,Seong,O,Besime,564,Hauk St,7f5,O' Brien,OR,97534
B1009,0,Omiecienski,,Lula,143,Probert St,0g0,Barranquitas,PR,618
B1010,312620114,Narasabah,O,Sampson,74,Blackman Ave,3o0,Fort Benton,MT,59442
B1011,181771383,Pigliucci,W,Schieber,4,Johannsen,5d4,Robstown,TX,78380
B1012,0,Sikes,,Rappold,197,Elora St,2i6,Nesquehoning,PA,18240
B1013,607718848,Lafirenza,J,Holmer,970,Goldmann Road,3a1,Parnell,MO,64475
B1014,755786113,Tou,J,Kazmierczak,146,Koepf Ave,5a6,Esmond,RI,2917
B1015,560181226,Saraceno,L,Sparkes,460,Tann Street,7.00E+06,Abbeville,MS,38601
B1016,0,Kegreiss,F,Tuckwell,527,Nory Street,2a6,Flint,MI,48551
B1017,0,Veazie,L,Fadzil,386,Jiethye Lane,8j1,Rosman,NC,28772
B1018,717247415,Door,B,Pardip,167,Harpal Avenue,0t5,Lindsay,MT,59339
B1019,0,Stump,T,Gressens,,PO Box 3793,,Meadow,UT,84644
B1020,114348450,Heitman,R,Meridew,470,Verification Street,6m5,Crumpler,NC,28617
B1021,167874088,Seflova,L,Simrin,857,Joeph,0y2,Downers Grove,IL,60516
B1022,0,Yoonsik,Z,Kouba,382,Trever Rd,7x7,Anchorage,AK,99518
B1023,628835483,Abramowitz,B,Bonhage,552,Puett Parkway,6q7,Rison,AR,71665
B1024,765868745,Waterworth,U,Regimbald,126,Ine Avenue,8t2,Cornville,AZ,86325
B1025,435336104,Clayson,,Kai,44,Margery Street,2z1,Wahiawa,HI,96854
B1026,0,Fedyshyn,,Kalvin,905,Zarlenga,6a8,Bethlehem,KY,40007
B1027,666763030,Saita,Q,Knudtsen,224,Toffoli Ln,4q1,Carson City,NV,89705
B1028,452836434,Hochstetler,G,Sheryll,861,Rodi Ln,6x4,North Zulch,TX,77872
B1029,0,Northcott,K,Oskana,719,Kanode Street,3j7,Girard,GA,30426
B1030,675211351,Wolska,T,Dynie,486,Coffman Rd,5g6,Broseley,MO,63932
B1031,786071215,Pettijohn,E,Gena,753,Mcgrath Pkwy,5c3,East Newport,ME,4933
B1032,182628014,Stegner,P,Saynor,539,Bertone Ave,8n6,Hildreth,NE,68947
B1033,200210551,Corenson,Y,Neta,819,Hennen Avenue,4z5,Lahore,VA,22502
B1034,704473842,Saelens,G,Snowden,563,Schreckengast Street,2x5,Furman,SC,29921
B1035,388540432,Quiros,O,Damien,326,Dalmard Rd,3q2,Palo Verde,AZ,85343
B1036,632704857,Gearing,X,Karney,,PO Box 561,,Winston-Salem,NC,27111
B1037,113108077,Ahlers,W,Kuwayama,745,Haddon Avenue,0m7,Magnet,NE,68749
B1038,603425044,Dance,K,Rodenfels,782,Levi Ave,0r6,Finley,ND,58230
B1039,0,Cleo,J,Masone,,PO Box 3948,,Crystal City,MO,63019
B1040,528322071,Birdzell,O,Kubias,876,Lela Ln,3o3,Rural Hall,NC,27098
B1041,0,Tracey,T,Howarth,,PO Box 3962,,Mallard,IA,50562
B1042,341468871,Trunley,,Quintey,,PO Box 2426,,Martin,KY,41649
B1043,0,Nienhuis,G,Fiorucci,84,Kundrat Street,5r6,Dallas Center,IA,50063
B1044,275111625,Zeno,A,Tramar,41,Manto Rd,7w7,Southern Md Facility,MD,20745
B1045,0,Seele,B,Brnaby,977,Sherryl,0u6,Williams,AZ,86046
B1046,456745384,Alvord,,Koes,518,Rosnizat Rd,6d4,Silverton,ID,83867
B1047,781706268,Kreidel,M,Flagel,,PO Box 2057,,Shelley,ID,83274
B1048,281452168,Westergren,Y,Mallard,,PO Box 3523,,Elgin,OK,73538
B1049,410466770,Sisler,I,Asdel,927,Lucinda St,3r7,Agana,GU,96921
B1050,0,Sisely,K,Dufourg,144,Mauricette Ave,6c6,Sheridan,MT,59749
B1051,311216778,Ruddy,P,Hachigian,693,Baylis Rd,1u4,San Juan,PR,910
B1052,567754366,Meduna,C,Windhorst,567,Kalwa Road,2w7,Anaconda,MT,59711
B1053,216484688,Peek,L,Machattie,952,Eperjessy Ave,0t5,Washington,DC,20505
B1054,145662816,Abhay,E,Berthier,853,Peebles Lane,4.00E+06,Kimberly,OR,97848
B1055,0,Furlin,Q,Merton,237,Tybi Road,8a1,Anchorage,AK,99516
B1056,0,Edilberta,C,Stoeklen,,PO Box 435,,San Quentin,CA,94964
B1057,0,Surrell,U,Delker,341,Bovard Road,0j2,Anchorage,AK,99517
B1058,0,Rinko,R,Rajah,879,Trese Street,8u2,Madisonville,LA,70447
B1059,266777633,Mastrojanni,W,Shang,,PO Box 2270,,Flushing,NY,11364
B1060,576447805,Elke,,Brunmeier,908,Harron St,0o1,Craigmont,ID,83523
B1061,641352808,Gamharter,X,Hinchman,714,Judkins St,8x8,Willamina,OR,97396
B1062,320016148,Schlaich,L,Kenne,862,Crothers Avenue,0c5,Exeter,RI,2822
B1063,0,Mcnally,K,Este,661,Ribordy St,0z8,Smyrna Mills,ME,4780
B1064,340460673,Husein,E,Bandrowski,,PO Box 1765,,Isabela,PR,662
B1065,645488155,Bethena,Q,Channell,948,Junie Avenue,4v8,Pueblo,CO,81019
B1066,354411508,Pate,W,Susumu,481,Bierman Ave,3.00E+03,Cincinnati,OH,45231
B1067,154826112,Siefer,X,Krten,216,Bettine St,6n2,Lancaster,SC,29720
B1068,620476215,Shahab,,Aimil,487,Lawley Ave,1g4,Aurora,CO,80018
B1069,0,Auensen,,Mouton,905,Fater Ln,5r4,Whiteoak,MO,63880
B1070,336424674,Ghobad,M,Russon,92,Talivaa St,0d2,Oklee,MN,56742
B1071,0,Sangbong,E,Platts,423,Darwen Ln,2k8,Joplin,MO,64804
B1072,0,Aleah,J,Sarau,270,Chillon,7s5,Manorville,PA,16238
B1073,0,Behl,C,Collados,979,Terre Lane,7f0,Fort Mill,SC,29715
B1074,138506768,Lendon,O,Meno,566,Illinois St,1x7,Trenton,NJ,8666
B1075,0,Rupp,A,Hadler,742,Elewitz Street,8b2,Waurika,OK,73573
B1076,684044065,Diep,B,Mowson,577,Duffner Street,2f3,Hallsboro,NC,28442
B1077,357434626,Judi,,Deere,257,Ragbir St,1d5,Columbus,GA,31829
B1078,0,Herminia,T,Urban,291,Rodenfels Lane,7h0,Trujillo Alto,PR,760
B1079,133648747,Jasun,,Dellos,,PO Box 3279,,Sealston,VA,22547
B1080,0,Loewen,L,Roellig,762,Blyzinskyj Pkwy,2a5,Octavia,NE,68650
B1081,501175054,Wildman,D,Calderon,954,Schnabel Pkwy,1v4,Caratunk,ME,4925
B1082,602817384,Nappie,H,Smook,15,Vandenbosch Lane,8a8,Silver City,NV,89428
B1083,171501118,Joeckel,S,Gottfried,828,Chesca Street,3l2,Shawnee Mission,KS,66208
B1084,0,Draxl,S,Podolan,164,Gagniere Ave,4d6,Lisbon,ND,58054
B1085,306603754,Zenkner,,Antonio,315,Hoffer Road,4m1,Kahuku,HI,96731
B1086,0,Jent,F,Reznick,606,Mantelli Pkwy,0w3,Monmouth,OR,97361
B1087,0,Vernuccio,K,Nizar,176,Hsueh Ln,8u6,Pennsville,OH,43770
B1088,0,Wyn,T,Bazerghi,968,Ragot Avenue,2u2,Wannaska,MN,56761
B1089,0,Phelia,,Chaparro,552,Roderick Pkwy,3h7,Alexandria,VA,22334
B1090,770534413,Thison,I,Inez,466,Moses Avenue,3f5,Clear Lake,MN,55319
B1091,682147566,Pervez,D,Wynd,309,Zelz Street,8j2,Escoheag,RI,2821
B1092,241726715,Kerwin,R,Cundiff,961,Bedford Rd,3x7,Alton,AL,35015
B1093,784314601,Kristal,B,Bienvenue,,PO Box 1153,,Knoxville,TN,37930
B1094,484477486,Schurer,,Hocutt,269,Kohut Avenue,0h3,Alma,NE,68920
B1095,0,Schnittker,Q,Grisell,201,Steverson,0u0,Christiansted,VI,822
B1096,207643418,Cory,T,Marris,474,Vladan St,2b4,Napakiak,AK,99634
B1097,178170886,Djamila,N,Nounou,671,Wiehlmann,4p7,Dazey,ND,58429
B1098,548655775,Kechik,B,Dzierzon,436,Rademaker Road,8t0,Dover,ID,83825
B1099,327170175,Flickinger,Z,Ahmad,766,Maynez Avenue,8u7,Columbia,SC,29226
B1100,623804647,Galcher,,Schornick,227,Mandie Ave,3d7,Dorado,PR,646
B1101,0,Hh,V,Gnoh,896,Glas Lane,6f1,Earl Park,IN,47976
B1102,276784448,Milston,,Nemoto,108,Stasaski,7.00E+03,Detroit,MI,48209
B1103,0,Willma,E,Stee,180,Dinet Pkwy,0v5,Byhalia,MS,38611
B1104,0,Brunato,,Elisabeta,928,Maili Parkway,4o3,Angeles,PR,611
B1105,627272325,Files,W,Strain,321,Rosnizat Ave,4l1,Taylorsville,IN,47280
B1106,776530131,Aherne,H,Hyongjun,962,Reimers Rd,7k4,Vining,IA,52348
B1107,753240402,Yassar,Z,Edeline,736,Pilot Ave,2u5,Southborough,MA,1772
B1108,450745753,Leonid,R,Cabarrus,145,Vanneste,1.00E+07,Manchester,NH,3107
B1109,0,Craycraft,,Reumann,345,Qadri Parkway,2x0,Shutesbury,MA,1072
B1110,321050205,Rarick,O,Shinsaku,414,Maurilio Rd,4r0,Frederiksted,VI,840
B1111,405610384,Hunga,,Trosper,750,Victorino Rd,7t3,Boqueron,PR,622
B1112,688713341,Koob,I,Zamarian,350,Quin Road,7r3,Saline,LA,71070
B1113,306324308,Marlenee,Y,Mooy,974,Fatjo Road,1a3,Maryville,TN,37878
B1114,230651223,Ankoor,,Albano,716,Hirozawa Pkwy,6y7,Providence,RI,2900
B1115,100743738,Derickson,,Sherrel,325,Schnell Ave,0d0,Tulsa,OK,74101
B1116,680443267,Vanourek,U,Veihelmann,,PO Box 2046,,Reno,NV,89520
B1117,174402707,Vujic,V,Dejewski,728,Dreller St,2m0,Providence,RI,2911
B1118,121830753,Chihogi,B,Sliatschan,860,Ardoin Road,1i6,Norwich,ND,58768
B1119,543575033,Daryn,X,Lancaster,86,Ceranic Avenue,3y6,Rock Valley,IA,51247
B1120,0,Freckhaus,L,Norizan,470,Chenna St,6l6,APO San Francisco,GU,96334
B1121,444202554,Mcphee,J,Kitchin,,PO Box 1749,,Walnut Ridge,AR,72476
B1122,0,Klumpp,J,Teng,127,Yow Rd,6p5,Boston,MA,2299
B1123,0,Chancey,T,Bakergregory,900,Cybill Street,4t3,Shoemakersville,PA,19555
B1124,723824587,Karrie,B,Marylo,595,Harrelson Avenue,6w0,Luther,OK,73054
B1125,145404411,Clouse,K,Marja,89,Dinges Pkwy,1q0,Washington,DC,20557
B1126,115166334,Goon,D,Afo,100,Cadenhead,3k5,Rathdrum,ID,83858
B1127,0,Veedell,A,Hjelmervik,51,Monica St,0n1,Hays,MT,59527
B1128,645775882,Oddbjorn,W,Brouthillier,928,Shuffield Road,4p7,Hinsdale,NH,3451
B1129,554334618,Rarick,Q,Metrailer,117,Wessel Rd,8t4,Starkweather,ND,58377
B1130,225306537,Tilton,C,Geni,727,Glynis St,2v6,Portland,OR,97206
B1131,683044417,Bourdin,Z,Ara,,PO Box 4131,,Charlestown,RI,2813
B1132,376807583,Glen,P,Sawyer,,PO Box 3510,,Memphis,TN,38161
B1133,0,Scavo,M,Sprader,373,Kingrey Street,3i0,Nelson,PA,16940
B1134,128845100,Agace,P,Patten,960,Loyal Avenue,6m0,Millinocket,ME,4462
B1135,317577033,Rippere,E,Mallas,651,Vogl St,0y3,Biloxi,MS,39535
B1136,127681513,Maximilian,U,Prang,884,Louise,0g6,Las Vegas,NV,89180
B1137,150555726,Deligiannides,P,Bittinger,934,Hennings St,7y5,Kingston,RI,2881
B1138,0,Kooman,R,Hirler,242,Adriance Avenue,6f7,Boston,MA,2103
B1139,664787312,Abdulla,,Carwile,849,Scalzitti Parkway,1.00E+06,Dagsboro,DE,19939
B1140,750357823,Haberzettl,G,Liesel,540,Gerhards Ln,3n0,Emporia,VA,23847
B1141,553045376,Dichmann,A,Schweers,381,Akee Pkwy,7j3,Clayton,LA,71326
B1142,217334161,Noffke,,Heurich,930,Muranjan Avenue,6r6,Beals,ME,4611
B1143,618238488,Donckt,L,Wenchien,,PO Box 461,,Langley,AR,71952
B1144,404067725,Fifine,T,Mcgurn,985,Bergamini Ave,5n7,Colorado Springs,CO,80917
B1145,277517822,Chander,I,Gotthard,499,Helpline Ln,3l2,Madelia,MN,56062
B1146,0,Buchmann,A,Winkhardt,515,Anton,5w0,Shannon,NC,28386
B1147,541548833,Canuel,T,Gauthier,694,Bachittar Road,5o7,Lincoln City,IN,47552
B1148,0,Toplis,O,Yuhdauh,617,Woodman Lane,8s0,West Des Moines,IA,50265
B1149,0,Hazley,T,Garand,617,Leisurs Road,3n0,Whitefield,ME,4362
B1150,365084414,Keitel,L,Uh,150,Davelynn,2p0,Beowawe,NV,89821
B1151,508363326,Grapa,,Phenix,272,Plumlee Avenue,3q6,Kosrae,FM,96944
B1152,603542761,Pato,V,Braham,123,Murayama Street,7m8,West Stewartstown,NH,3597
B1153,0,Rummeld,V,Smock,,PO Box 4634,,Valmy,NV,89438
B1154,145418221,Gullikson,Q,Fike,797,Tamone Street,0o4,Bucksport,ME,4416
B1155,277215301,Goodale,C,Miche,171,Lebar Ln,6p8,Charlotte,NC,28229
B1156,673050078,Stagmeyer,E,Alicja,282,Suemay Avenue,1s6,Natalbany,LA,70451
B1157,414881738,Alvina,T,Bardsley,935,Borders Road,3w4,Revere,MN,56166
B1158,0,Nad,J,Elu,726,Vallee,7v0,Jacksonville,AL,36265
B1159,554057461,Ganapathy,,Fadlallah,627,Koppendraaier St,5o2,Las Vegas,NV,88905
B1160,634706834,Ginnay,F,Suttie,911,Landsberg Rd,7h3,Greenville,MS,38701
B1161,388233116,Gratesac,D,Schmalz,678,Mehul Street,7m4,Hanlontown,IA,50444
B1162,0,Delgrosse,W,Jojola,156,Sollman St,2i3,Washington,DC,20032
B1163,0,Shirinlou,F,Luebcke,755,Ninnetta Lane,1m5,Massey,MD,21650
B1164,235463706,Davine,A,Schuberth,886,Gottlob,8v2,Bostwick,FL,32007
B1165,0,Shappir,,Claybourne,630,Improta Rd,7o0,Edgemont,PA,19028
B1166,487467074,Camejo,A,Rishymaharaj,,PO Box 2045,,Green Camp,OH,43322
B1167,387565715,Bolinder,P,Hemon,201,Hoxie Road,1m5,Simsbury,CT,6070
B1168,542615581,Rafa,K,Redaelli,276,Areskog Rd,4s6,Suffolk,VA,23434
B1169,124553841,Grasham,N,Joelle,410,Barnsley St,5y8,Meridian,MS,39303
B1170,464115586,Robertus,,Brademan,81,Goyer Rd,1h7,Middleton,MI,48856
B1171,533523618,Cupido,X,Angvard,957,Kreyszig Ave,8p6,Mesa,AZ,85212
B1172,0,Mechelle,Y,Osumi,131,Akiyasu St,7y3,Beaver,PA,15009
B1173,636055225,Toperzer,,Montanino,,PO Box 3379,,Paris,ID,83287
B1174,0,Fenton,Y,Pariata,534,Bonanno Ave,3c2,Edison,NJ,8837
B1175,225245433,Corpening,O,Fitzwater,850,Ghaffari Avenue,7j1,Broad Brook,CT,6016
B1176,0,Dower,Q,Muns,397,Yehudi Ln,2.00E+05,Pompton Plains,NJ,7444
B1177,534484753,Bruketa,L,Muttaqi,977,Rashid Street,0k6,Kosrae,FM,96944
B1178,0,Elichi,F,Barnerias,410,Translations Rd,2h6,Dacoma,OK,73731
B1179,371376106,Carelli,,Birkitt,414,Pantleon Road,0i8,Halleck,NV,89824
B1180,757560203,Clee,,Lakhani,584,Plumlee Avenue,1x4,Trenton,ND,58853
B1181,486124746,Bodo,V,Burgette,953,Ardith Ave,6v8,Atlanta,GA,30311
B1182,0,Drumheller,T,Happi,334,Andrusch Avenue,0.00E+00,Mesa,AZ,85214
B1183,0,Canals,R,Boocock,730,Henwood Parkway,6r3,Harrison,AR,72601
B1184,0,Darry,M,Onstot,478,Asawa Pkwy,5n0,Pierce,CO,80650
B1185,243633561,Cruikshank,,Grieshaber,172,Wachsmann Rd,0a0,Tierra Amarilla,NM,87575
B1186,733214476,Zargham,H,Nimish,65,Machida Avenue,4i1,Wichita,KS,67226
B1187,213275121,Bue,L,Anabal,,PO Box 2454,,Trinidad,CO,81082
B1188,788783663,Steffanie,,Hobgood,,PO Box 1347,,Mud Butte,SD,57758
B1189,563773241,Jiro,A,Bourg,931,Setros Road,0v7,Birmingham,AL,35206
B1190,331801601,Morawietz,R,Bryttan,838,Gaudor St,3p4,Coventry,RI,2816
B1191,131566317,Beulah,,Rasberry,394,Srawan Avenue,0d6,Canton,OH,44706
B1192,160068320,Kwoksang,H,Bertuccelli,,PO Box 3930,,Benzonia,MI,49616
B1193,562562062,Makong,U,Olival,970,Surrell Rd,6s4,Lincoln Park,NJ,7035
B1194,0,Shailan,U,Gruenenwald,556,Evanne Pkwy,4m0,Canby,MN,56220
B1195,0,Warawa,V,Bassam,836,Jewels Avenue,8y1,Ringgold,VA,24586
B1196,368600742,Hessing,,Bendite,29,Rch Avenue,7t6,Bristol,NH,3222
B1197,0,Lapadat,D,Mccloughan,,PO Box 2095,,West Minot,ME,4288
B1198,320402060,Devonna,C,Slusser,71,Christl Ave,6b6,Birmingham,AL,35236
B1199,542124201,Pu,,Venuti,339,Kalwant Rd,6j3,Kosrae,FM,96944
B1200,486446808,Frankcom,C,Chestara,975,Medley,3b0,San Juan,PR,900
B1201,0,Nahum,,Westcott,298,Tournesac Pkwy,8d3,Stacyville,IA,50476
B1202,450316002,Nina,H,Jermaine,531,Dix Parkway,6p0,Boynton Beach,FL,33424
B1203,688157771,Mildenberger,,Terza,956,Stronach Lane,3w8,Friendship,ME,4547
B1204,0,Alari,,Gobet,854,Engberg Ln,1h7,Winston-Salem,NC,27156
B1205,765125688,Scudder,,Simonetti,632,Tomkins Rd,6f4,Kalskag,AK,99607
B1206,775604210,Keeney,X,Nuno,179,Neyland,1t1,Fort Lauderdale,FL,33394
B1207,0,Lamboule,P,Mahbo,188,Noh Lane,6j3,Whitehouse,KY,41269
B1208,340021304,Batty,O,Morettin,552,Norvig Street,0a5,Boone,NE,68625
B1209,640141028,Wilburt,H,Crissie,819,Wendong Rd,8b3,Lancaster,MO,63548
B1210,0,Doherty,E,Awataguchi,639,Tiler Road,5t7,Esmond,RI,2917
B1211,546444883,Starcevic,P,Fenton,332,Schlussel St,5l0,Carsonville,MI,48419
B1212,585070644,Jakubek,U,Caloca,528,Goddess Street,8f2,Brandon,VT,5733
B1213,637838320,Martignetti,G,Grieco,598,Simuel Rd,6q5,Roxbury,ME,4275
B1214,166428158,Beames,S,Sward,161,Rica Road,8v2,Union,NH,3887
B1215,720608765,Rozanna,A,Priest,382,Bie Rd,2w3,Salt Lake City,UT,84137
B1216,438585758,Ferachoglou,M,Dorolice,257,Patch Avenue,7d3,Fontanelle,IA,50846
B1217,432333836,Glatzel,R,Chaffee,815,Cas Street,1x1,Sutter,IL,62373
B1218,323417747,Gerold,K,Dinnerville,830,Mokuno Pkwy,7t7,Kunia,HI,96759
B1219,642413335,Stockwell,W,Kian,15,Wilmott Street,8q6,Clifton,TN,38425
B1220,711131580,Setten,Z,Tunzi,878,Bereza Ave,3i5,Wichita,KS,67205
B1221,0,Prakash,V,Saaudah,344,Chocs Avenue,1x3,Peytonsburg,KY,42768
B1222,617775073,Masnah,V,Guill,972,Avivah Pkwy,5d8,Boiling Springs,NC,28017
B1223,327723355,Atlanta,G,Hofrichter,803,Mathewson Road,2x8,Cummington,MA,1026
B1224,454407708,Scarles,S,Toshihide,332,Denine Avenue,0y3,Kosrae,FM,96944
B1225,580557652,Bear,U,Licandro,621,Dinora Ln,6x3,Jacksonville,AR,72076
B1226,250542777,Cernilli,R,Invernizzi,623,Gladisse Ln,3v6,Paris,MI,49338
B1227,650184064,Sittinger,T,Spinozzi,834,Jasper Parkway,0.00E+00,Emery,UT,84522
B1228,0,Haycook,,Lorman,638,Loretta Lane,0h5,Lamartine,PA,16375
B1229,0,Srihari,,Okubo,961,Keelia St,6w2,Clearwater,FL,34618
B1230,631786786,Rosebeary,,Auzan,970,Foreste Ave,6f3,Hammond,IN,46323
B1231,616738763,Baechler,V,Isao,73,Schoettler Road,2m1,Slaughters,KY,42456
B1232,0,Habig,,Reynaud,832,Morglan Street,6w5,Whiting,ME,4691
B1233,415513866,Rosita,D,Ioan,,PO Box 4139,,San Juan,PR,937
B1234,176220620,Rudina,G,Clift,808,Schramm Ave,8d2,Washington,DC,20004
B1235,460300244,Amladi,R,Charpillon,571,Kirstie Ln,7s8,Agana,GU,96914
B1236,543123876,Tromel,Z,Giacometti,839,Hamachi Rd,5g3,Payson,AZ,85541
B1237,364412585,Okato,V,Izard,768,Zulfikar Ave,0.00E+00,Prescott,AZ,86302
B1238,0,Agee,,Welbie,109,Vasick Street,7z8,Stamford,CT,6107
B1239,322363025,Abdi,R,Tsuneaki,67,Hauenstein Rd,7b1,Sumter,SC,29150
B1240,667566803,Evette,,Gay,147,Longdist Street,5j4,Dukedom,TN,38226
B1241,524842153,Iguchi,G,Morganne,590,Buffam Avenue,2t2,Bruno,NE,68001
B1242,303853118,Emmalynn,,Nadene,637,Minschart Ave,6u5,Castle Rock,CO,80104
B1243,0,Abdelhamid,J,Inshen,572,Ferri Ln,8r6,Agana,GU,96923
B1244,287371352,Unter,C,Marinchak,766,Katsoulis,8d8,Irvine,CA,92710
B1245,342165536,Snook,C,Dacosta,341,Asmah Lane,5n0,Yerington,NV,89447
B1246,0,Garry,N,Gunvor,557,Suainon Parkway,3n1,Cavalier,ND,58220
B1247,505873318,Mundy,,Transfiguration,608,Augus Ave,7z4,Arecibo,PR,612
B1248,778252000,Fraze,V,Smillie,537,Colegrove,4f8,Nelsonville,OH,45764
B1249,423638532,Op,R,Ortega,644,Sidor Ave,1n7,Syosset,NY,11791
B1250,0,Kanchit,T,Chance,272,Ytshak Rd,0x3,Orlando,OK,73073
B1251,155682483,Barris,E,Ne,741,Poutchnine Street,2x5,Portal,ND,58772
B1252,426580481,Pimentel,L,Skuratowicz,686,Herberger St,4s1,Gregory,AR,72059
B1253,565148837,Baron,A,Thibert,,PO Box 1769,,Ackworth,IA,50001
B1254,0,Temporal,T,Prine,233,Rimbault Rd,3n7,Barnesville,NC,28319
B1255,786402258,Zaidah,,Emmerson,940,Hlawaty Ave,4z0,Redding,IA,50860
B1256,0,Kaempf,H,Shuanglin,,PO Box 2261,,Mc Gill,NV,89318
B1257,488415244,Gustafsson,M,Ramones,376,Videto Avenue,4r6,Firth,NE,68358
B1258,483252832,Onyett,A,Hodapp,933,Liow Rd,8.00E+03,Kosrae,FM,96944
B1259,587026738,Yamanaka,S,Parnas,870,Loch,1o0,Bunch,OK,74931
B1260,375156170,Howeiler,R,Mccorquodale,958,Jungerman Ave,0r3,Whelen Springs,AR,71772
B1261,410455365,Haiping,M,Gartshore,287,Space Ave,7y3,Miami,OK,74355
B1262,153208563,Aguilera,,Egner,222,Eisele Avenue,4p2,Kailua Kona,HI,96740
B1263,0,Sasaridis,C,Follmer,231,Mcnulty Parkway,0r2,Hoboken,GA,31542
B1264,402578547,Nacionales,T,Dandeneau,598,Sunghae Street,0y8,FPO San Francisco,GU,96630
B1265,351601345,Hoxie,Z,Charli,,PO Box 2966,,Timken,KS,67582
B1266,382228165,Hansruedi,,Brett,518,Carma,6a8,Virgil,IL,60182
B1267,174415315,Hellinga,A,Kristine,911,Suzainah Pkwy,1t4,Agana,GU,96915
B1268,562306124,Betisy,,Chihtsai,162,Samjmarco Avenue,8.00E+05,Fair Oaks,IN,47943
B1269,742565133,Lintl,,Katrades,664,Forrester Rd,8b7,Las Vegas,NV,89102
B1270,170200822,Huashi,,Klebsch,757,Gongyin St,7d6,El Paso,TX,88588
B1271,104324420,Charlier,B,Fidelio,88,Tanabe Street,3l5,Englewood,NJ,7631
B1272,181548735,Vidalencio,L,Flaherty,395,Kittle Road,8v0,Redmond,UT,84652
B1273,458178835,Scrivens,F,Mooneyham,410,Lint,8l5,Morrisville,NC,27560
B1274,776731441,Winifred,,Iteam,604,Weatherup Road,3i4,Weiner,AR,72479
B1275,735554834,Harshman,,Jule,940,Huy Avenue,3v0,Saint Stephens,AL,36569
B1276,536682187,Raker,V,Jass,798,Dannecker Ln,7r3,Washington,DC,20534
B1277,303016208,Sawvel,F,Brabant,319,Nestor Street,1x4,Long Island City,NY,11106
B1278,0,Edd,,Cauley,636,Strating,3y4,Riverside,IA,52327
B1279,476581063,Xumin,V,Henmi,617,Giuditta Lane,5d7,Grand Island,NE,68801
B1280,0,Monique,Z,Calvarese,40,Kheen Ln,1g2,Water Valley,KY,42085
B1281,0,Guerette,,Sachs,170,Frandon Road,2f1,Gallup,NM,87375
B1282,0,Porat,D,Dolph,643,Franzisk Ave,1j0,Gracemont,OK,73042
B1283,178177511,Cinda,U,Kedenburg,692,Panick Street,4p8,Cidra,PR,639
B1284,785456425,Sals,G,Liendo,347,Boris Rd,2c1,Denver,CO,80210
B1285,424873573,Guth,,Feyler,502,Randhir Rd,6o4,Wellsville,OH,43968
B1286,0,Tejal,c,Kirbee,151,Hertli Lane,7p7,Spring Valley,FL,41362
B1287,0,Brinkhoff,K,Baerbel,,PO Box 4607,,Ewa Beach,HI,96707
B1288,222148251,Louise,H,Coerwinkel,506,Betancourt,6d2,Saltillo,MS,38866
B1289,252158087,Bruasa,N,Mahiger,183,Goller Ave,5c0,Magonlia,MD,23101
B1290,450114714,Bakri,Q,Liviu,889,Cellucci Avenue,6d3,Chemult,OR,97731
B1291,0,Kyoichi,F,Fiest,915,Laseter,3v5,New Orleans,LA,70153
B1292,463778013,Taussig,L,Schoper,98,Ciccarelli St,7.00E+06,Macon,GA,31211
B1293,0,Teruzzi,K,Goormans,,PO Box 192,,Mc Leod,MT,59052
B1294,0,Tvedt,,Reimholz,374,Arman,1w6,Brush,CO,80723
B1295,343028165,Delia,O,Boorne,935,Kodiyan St,2v4,Cunningham,TN,37052
B1296,342556688,Lipinski,,Bligh,970,Ferrari,8t5,Christiansted,VI,824
B1297,0,Marpoah,K,Speier,,PO Box 1872,,Naalehu,HI,96772
B1298,400527065,Hagle,,Kreikemeier,854,Denice St,8l4,Smith Center,KS,66967
B1299,0,Aveni,,Sowden,645,Beevi Road,6x8,Springtown,AR,72767
B1300,0,Steipp,M,Homayoon,996,Hajah Street,6p4,Hanover,NH,3755
B1301,0,Ikemoto,E,Lamar,,PO Box 1665,,Bearsville,NY,12409
B1302,116051220,Breon,P,Valentijn,775,Roden Road,6l1,Groveton,NH,3582
B1303,533511035,Hundrieser,J,Bariah,633,Tirrell Lane,8f1,Christiansted,VI,824
B1304,417267161,Elmi,J,Hemstreet,741,Courtland Street,1x5,Florence,NJ,8518
B1305,0,Luiza,G,Hately,853,Lepley Avenue,5s8,Clarendon,AR,72029
B1306,0,Danchi,,Elix,240,Bortolussi Pkwy,3v1,Brownsville,OR,97327
B1307,530383510,Meldonian,Y,Sumidja,43,Calso Road,7s4,Elwin,IL,62532
B1308,178667840,Fadzri,O,Shiramizu,186,Odilon Ln,0m8,Kansas City,MO,64105
B1309,0,Nagenthiram,G,Lauraine,703,Mcdunn Street,8k7,Washington,DC,20318
B1310,768300303,Iorgos,N,Suponch,980,Varley St,6l1,Whiterocks,UT,84085
B1311,472775282,Rognin,T,Deidre,542,Vanna St,0y3,Utica,MI,48311
B1312,673705746,Skeldon,B,Thibert,954,Gschwend Street,7q0,Nashville,TN,37242
B1313,0,Gebrael,Z,Parfait,21,Cucchiaro St,6c8,Alexandria,TN,37012
B1314,335686512,Iseli,B,Marcio,824,Oag,0l1,Nashua,NH,3060
B1315,706131546,Kapuniai,Y,Narduzzi,697,Moyet Rd,8v2,Britton,MI,49229
B1316,626365505,Ruwet,K,Pittier,197,Savat Street,2z5,Crawfordsville,IN,47936
B1317,435371778,Rydman,,Verwey,529,Nielson Parkway,1j2,La Grange,TN,38046
B1318,461745011,Penumatcha,C,Silverglate,117,Audry Avenue,8w4,Florence,AL,35632
B1319,555347643,Selli,U,Puszkarczuk,603,Soncini Avenue,4m5,Commerce City,CO,80037
B1320,0,Parameswari,,Kazmierczak,332,Holmer Avenue,7p3,Parlin,NJ,8859
B1321,327611626,Anguelo,A,Khai,631,Clunes Street,6h0,Santa Monica,CA,90405
B1322,442458850,Jeniffer,M,Brost,996,Leaper St,8v1,Edisto Island,SC,29438
B1323,163454258,Taju,D,Gauffin,205,Takishima Ave,1f5,Wesley,AR,72773
B1324,0,Kae,X,Kannan,532,Chynena Ave,6a6,Charlotte Amalie,VI,801
B1325,368722221,Takato,,Schlumbohm,960,Lackie Road,3h2,Nashville,TN,37235
B1326,0,Holcomb,,Delavan,141,Veeriah Ln,6z2,Washington,DC,20337
B1327,456884705,Luzia,,Mcdermott,,PO Box 1777,,Waterbury,CT,6749
B1328,122708474,Cuffling,I,Ruchi,,PO Box 3385,,Henderson,NE,68371
B1329,0,Ilowski,F,Tiraterra,217,Parvathy Street,0j1,Anchorage,AK,99509
B1330,0,Brittney,,Kojnok,545,Gorker Ave,1v7,Dyersburg,TN,38024
B1331,0,Peigne,R,Sastri,659,Karina St,1v6,FPO San Francisco,GU,96630
B1332,510875517,Garik,G,Megnint,556,Marissa Road,5a8,East Greenwich,RI,2818
B1333,756211080,Luzarraga,O,Thorston,240,Kawashima Street,0t4,Cleveland,OH,44120
B1334,626473668,Mcdougall,,Albeon,,PO Box 3659,,Chignik Lagoon,AK,99565
B1335,0,Nesch,U,Hubecka,298,Bienenfeld Rd,5g8,Omaha,NE,68175
B1336,711342711,Macrae,S,Sunariyo,74,Sumonja Ave,0k6,Lake,MI,48632
B1337,762583288,Gratke,D,Cashell,544,Remond St,7m1,Washington,DC,20535
B1338,320361522,Kaaz,U,Sailor,,PO Box 2878,,Bath,NH,3740
B1339,0,Varujan,N,Fu,631,Fetterman St,0m4,Hayes,VA,23072
B1340,0,Chenchung,D,Reitfort,986,Clure Avenue,1b8,Salt Lake City,UT,84132
B1341,781628208,Hashemi,G,Livvie,897,Bertignoll Street,7d7,Charlotte Amalie,VI,803
B1342,366887227,Norell,G,Selb,120,Konstantopoulos Parkway,7q4,Washington,DC,20210
B1343,481440154,Hollick,J,Theologos,897,Lafleur Street,2o7,Oakwood,OK,73658
B1344,0,Kelsoe,,Lesco,633,Shinagawa Ave,2y7,Sharon Center,OH,44274
B1345,674247070,Miguelita,W,Pfitzner,4,Youkhanna Parkway,3t3,Granville,ND,58741
B1346,503055220,Savoula,E,Pushpavalli,717,Dishong Lane,8f0,Bozrah,CT,6334
B1347,773314038,Jonie,L,Crush,129,Durm Rd,4r0,Peoria,IL,61613
B1348,700147776,Luiz,V,Tanokura,898,Duris Ave,7i2,Old Mystic,CT,6372
B1349,245034185,Gilardi,D,Bratton,,PO Box 2581,,Woodbine,KS,67492
B1350,704083267,Abrar,G,Mauel,847,Burgagni Lane,1c0,Albany,NY,12203
B1351,0,Hoikin,V,Ravard,143,Biesiadecki Street,7p4,Kosrae,FM,96944
B1352,573800538,Deczky,G,Susy,405,Shanta Street,4a6,Shenandoah,IA,51603
B1353,748011661,Knapp,L,Portteus,598,Salvato Ave,5f5,Providence,RI,2906
B1354,0,Eldridge,H,Pabst,440,Steedman Ave,4d3,Scranton,PA,18519
B1355,576457588,Dorisa,U,Hoeckendorff,39,Beuter Road,5i2,Raton,NM,87740
B1356,464076736,Lustenhouwer,D,Tyda,752,Mebine Parkway,1m1,Apple River,IL,61001
B1357,270631147,Capizzo,D,Monteagudo,201,Odell Avenue,5z1,Stamford,CT,6901
B1358,0,Nakashian,P,Noelyn,864,Gootherts Road,7h7,Cartwright,ND,58838
B1359,128761545,Manimozhi,I,Martinien,500,Pietro Ave,6l6,Christiansted,VI,820
B1360,722072561,Sandison,R,Groot,,PO Box 2692,,Tyrone,NM,88065
B1361,411781222,Pretorius,S,Wodzich,965,Euysung Street,7.00E+04,Tishomingo,MS,38873
B1362,318108818,Cedeno,B,Meridew,703,Dornick St,5f0,Kahului,HI,96733
B1363,277513277,Yale,C,Darrimon,513,Cheeyin Street,3w3,Agana,GU,96915
B1364,0,Sator,F,Joyous,212,Yassar Lane,1s8,Zap,ND,58580
B1365,532671571,Osswald,,Lingron,475,Vinaja St,2y6,Santa Fe,TN,38482
B1366,0,Heidelbach,,Shallerhorn,728,Scampini Lane,4d6,Lincoln,NM,88338
B1367,425624735,Dacosta,,Berlin,432,Zalesky Road,3v6,Twin Mountain,NH,3589